"RelativePath","Bytes","LastWriteTime"
".gitignore","485","2026-08-11T15:46:56.4878546+09:00"
".python-version","5","2026-08-04T12:43:44.9593813+09:00"
".ruff_cache\.gitignore","35","2026-08-13T10:20:18.0109669+09:00"
".ruff_cache\0.16.1\3079058275280983860","532","2026-08-13T10:20:18.0215933+09:00"
".ruff_cache\CACHEDIR.TAG","43","2026-08-13T10:20:18.0099681+09:00"
"configs\baseline.yaml","506","2026-08-11T16:01:50.2993183+09:00"
"configs\channel_selection.yaml","384","2026-08-11T16:01:50.3006310+09:00"
"configs\mixed_fixed_point_baseline.yaml","824","2026-08-11T17:04:52.9603245+09:00"
"configs\README.md","2923","2026-08-11T17:04:52.9623267+09:00"
"configs\transfer_sutl.yaml","1116","2026-08-12T02:43:34.7798453+09:00"
"configs\transfer_sutl_norm20_seed42.yaml","1066","2026-08-12T15:16:03.9927003+09:00"
"configs\transfer_sutl_norm20_seed43.yaml","1066","2026-08-12T15:16:03.9927003+09:00"
"configs\transfer_sutl_norm20_seed44.yaml","1066","2026-08-12T15:16:03.9940275+09:00"
"data\README.md","3855","2026-08-11T15:55:36.7789635+09:00"
"data\sabes_zenodo\master_mat\indy_20160622_01.mat","908989308","2026-08-04T12:43:59.9027210+09:00"
"data\sabes_zenodo\master_mat\indy_20160630_01.mat","382243800","2026-08-04T12:44:05.4982127+09:00"
"data\sabes_zenodo\master_mat\indy_20170124_01.mat","152016126","2026-08-04T12:44:07.7162766+09:00"
"data\sabes_zenodo\master_mat\indy_20170127_03.mat","171805910","2026-08-04T12:44:10.2359772+09:00"
"data\sabes_zenodo\master_mat\indy_20170131_02.mat","208792806","2026-08-04T12:44:13.2771391+09:00"
"docs\EXPERIMENTS.md","1736","2026-08-11T17:01:20.6457652+09:00"
"docs\MIXED_FIXED_POINT_BASELINE.md","6091","2026-08-11T17:04:52.9644706+09:00"
"docs\MOVE_AND_GIT_GUIDE_KO.md","3617","2026-08-13T10:16:38.2632040+09:00"
"docs\REFERENCES.md","1749","2026-08-11T17:01:36.6412323+09:00"
"docs\REPRODUCTION.md","2733","2026-08-11T17:02:33.3753792+09:00"
"docs\TRANSFER_SUTL_EXPERIMENT.md","8344","2026-08-12T02:43:01.4223715+09:00"
"docs\TRANSFER_SUTL_RESULTS.md","5926","2026-08-12T11:53:36.1379334+09:00"
"docs\WORK_LOG_20260813_KO.md","4901","2026-08-13T10:16:38.2621883+09:00"
"HANDOFF_KO.md","4536","2026-08-13T10:16:38.2600848+09:00"
"outputs\_interrupted_runs\baseline_96ch_indy_20170124_01_epoch2\best_model_in_progress.pt","99482","2026-08-11T17:18:19.3262617+09:00"
"outputs\_interrupted_runs\baseline_96ch_indy_20170124_01_epoch2\last_checkpoint.pt","388186","2026-08-11T17:18:19.3358782+09:00"
"outputs\_interrupted_runs\baseline_96ch_indy_20170124_01_epoch2\progress.json","476","2026-08-11T17:18:19.3394009+09:00"
"outputs\_interrupted_runs\baseline_96ch_indy_20170124_01_epoch2\protocol_choices.json","1910","2026-08-11T17:14:47.1116466+09:00"
"outputs\_interrupted_runs\baseline_96ch_indy_20170124_01_epoch2\task_windows.csv","3970","2026-08-11T17:14:47.1235806+09:00"
"outputs\_interrupted_runs\baseline_96ch_indy_20170124_01_epoch2\training_history_in_progress.csv","293","2026-08-11T17:18:19.3302867+09:00"
"outputs\baseline_96ch_mixed_fixed_point\all_results.csv","1225","2026-08-11T17:53:47.5286113+09:00"
"outputs\baseline_96ch_mixed_fixed_point\all_results.json","3271","2026-08-11T17:53:47.5623922+09:00"
"outputs\baseline_96ch_mixed_fixed_point\indy_20160622_01\fixed_point_run_summary.json","4553","2026-08-11T17:53:45.6816370+09:00"
"outputs\baseline_96ch_mixed_fixed_point\indy_20160622_01\fixed_point_test_metrics_continuous.csv","200","2026-08-11T17:53:44.8942144+09:00"
"outputs\baseline_96ch_mixed_fixed_point\indy_20160622_01\fixed_point_test_predictions.npz","4588155","2026-08-11T17:53:45.6624968+09:00"
"outputs\baseline_96ch_mixed_fixed_point\indy_20160622_01\layer_quantization.csv","1050","2026-08-11T17:53:44.9063839+09:00"
"outputs\baseline_96ch_mixed_fixed_point\indy_20160622_01\progress.json","4553","2026-08-11T17:53:45.6846494+09:00"
"outputs\baseline_96ch_mixed_fixed_point\indy_20160622_01\quantized_parameters.npz","25008","2026-08-11T17:53:45.6695822+09:00"
"outputs\baseline_96ch_mixed_fixed_point\indy_20160630_01\fixed_point_run_summary.json","4549","2026-08-11T17:47:35.0862979+09:00"
"outputs\baseline_96ch_mixed_fixed_point\indy_20160630_01\fixed_point_test_metrics_continuous.csv","199","2026-08-11T17:47:34.2124180+09:00"
"outputs\baseline_96ch_mixed_fixed_point\indy_20160630_01\fixed_point_test_predictions.npz","4124209","2026-08-11T17:47:35.0735573+09:00"
"outputs\baseline_96ch_mixed_fixed_point\indy_20160630_01\layer_quantization.csv","1044","2026-08-11T17:47:34.2260790+09:00"
"outputs\baseline_96ch_mixed_fixed_point\indy_20160630_01\progress.json","4549","2026-08-11T17:47:35.0898680+09:00"
"outputs\baseline_96ch_mixed_fixed_point\indy_20160630_01\quantized_parameters.npz","23473","2026-08-11T17:47:35.0817498+09:00"
"outputs\baseline_96ch_mixed_fixed_point\indy_20170124_01\fixed_point_run_summary.json","4547","2026-08-11T17:36:51.0898944+09:00"
"outputs\baseline_96ch_mixed_fixed_point\indy_20170124_01\fixed_point_test_metrics_continuous.csv","201","2026-08-11T17:36:50.8346779+09:00"
"outputs\baseline_96ch_mixed_fixed_point\indy_20170124_01\fixed_point_test_predictions.npz","1533274","2026-08-11T17:36:51.0783324+09:00"
"outputs\baseline_96ch_mixed_fixed_point\indy_20170124_01\layer_quantization.csv","1048","2026-08-11T17:36:50.8477997+09:00"
"outputs\baseline_96ch_mixed_fixed_point\indy_20170124_01\progress.json","4547","2026-08-11T17:36:51.0939040+09:00"
"outputs\baseline_96ch_mixed_fixed_point\indy_20170124_01\quantized_parameters.npz","24349","2026-08-11T17:36:51.0863728+09:00"
"outputs\baseline_96ch_mixed_fixed_point\indy_20170127_03\fixed_point_run_summary.json","4544","2026-08-11T17:39:04.2086790+09:00"
"outputs\baseline_96ch_mixed_fixed_point\indy_20170127_03\fixed_point_test_metrics_continuous.csv","198","2026-08-11T17:39:03.8479521+09:00"
"outputs\baseline_96ch_mixed_fixed_point\indy_20170127_03\fixed_point_test_predictions.npz","1749645","2026-08-11T17:39:04.1883714+09:00"
"outputs\baseline_96ch_mixed_fixed_point\indy_20170127_03\layer_quantization.csv","1045","2026-08-11T17:39:03.8630448+09:00"
"outputs\baseline_96ch_mixed_fixed_point\indy_20170127_03\progress.json","4544","2026-08-11T17:39:04.2127214+09:00"
"outputs\baseline_96ch_mixed_fixed_point\indy_20170127_03\quantized_parameters.npz","25153","2026-08-11T17:39:04.1965553+09:00"
"outputs\baseline_96ch_mixed_fixed_point\indy_20170131_02\fixed_point_run_summary.json","4551","2026-08-11T17:41:55.9132368+09:00"
"outputs\baseline_96ch_mixed_fixed_point\indy_20170131_02\fixed_point_test_metrics_continuous.csv","198","2026-08-11T17:41:55.4900317+09:00"
"outputs\baseline_96ch_mixed_fixed_point\indy_20170131_02\fixed_point_test_predictions.npz","2062360","2026-08-11T17:41:55.8916960+09:00"
"outputs\baseline_96ch_mixed_fixed_point\indy_20170131_02\layer_quantization.csv","1048","2026-08-11T17:41:55.4950107+09:00"
"outputs\baseline_96ch_mixed_fixed_point\indy_20170131_02\progress.json","4551","2026-08-11T17:41:55.9167758+09:00"
"outputs\baseline_96ch_mixed_fixed_point\indy_20170131_02\quantized_parameters.npz","24876","2026-08-11T17:41:55.9000301+09:00"
"outputs\baseline_96ch_mixed_fixed_point\mean_results.csv","311","2026-08-11T17:53:47.5286113+09:00"
"outputs\baseline_96ch_mixed_fixed_point\MIXED_FIXED_POINT_RESULTS.md","1675","2026-08-11T17:53:47.5664475+09:00"
"outputs\baseline_96ch\indy_20160622_01\best_model.pt","100474","2026-08-11T17:29:16.3505966+09:00"
"outputs\baseline_96ch\indy_20160622_01\paper_baseline_comparison.csv","191","2026-08-11T17:29:16.3944087+09:00"
"outputs\baseline_96ch\indy_20160622_01\progress.json","3462","2026-08-11T17:29:16.3084431+09:00"
"outputs\baseline_96ch\indy_20160622_01\protocol_choices.json","1911","2026-08-11T17:29:16.3261586+09:00"
"outputs\baseline_96ch\indy_20160622_01\run_summary.json","3462","2026-08-11T17:29:16.3051308+09:00"
"outputs\baseline_96ch\indy_20160622_01\task_windows.csv","8662","2026-08-05T18:51:56.6742505+09:00"
"outputs\baseline_96ch\indy_20160622_01\test_metrics_continuous.csv","199","2026-08-05T20:11:10.8505695+09:00"
"outputs\baseline_96ch\indy_20160622_01\test_metrics_per_window.csv","4266","2026-08-05T20:11:10.8536010+09:00"
"outputs\baseline_96ch\indy_20160622_01\test_predictions.npz","5528644","2026-08-05T20:11:11.5005578+09:00"
"outputs\baseline_96ch\indy_20160622_01\training_history.csv","3390","2026-08-05T20:11:10.8328792+09:00"
"outputs\baseline_96ch\indy_20160622_01\validation_metrics_continuous.csv","198","2026-08-05T20:11:10.8485469+09:00"
"outputs\baseline_96ch\indy_20160630_01\best_model.pt","100474","2026-08-11T17:29:16.2591875+09:00"
"outputs\baseline_96ch\indy_20160630_01\paper_baseline_comparison.csv","191","2026-08-11T17:29:16.3005343+09:00"
"outputs\baseline_96ch\indy_20160630_01\progress.json","3464","2026-08-11T17:29:16.2123458+09:00"
"outputs\baseline_96ch\indy_20160630_01\protocol_choices.json","1911","2026-08-11T17:29:16.2314503+09:00"
"outputs\baseline_96ch\indy_20160630_01\run_summary.json","3464","2026-08-11T17:29:16.2073457+09:00"
"outputs\baseline_96ch\indy_20160630_01\task_windows.csv","8718","2026-08-05T16:24:04.6962229+09:00"
"outputs\baseline_96ch\indy_20160630_01\test_metrics_continuous.csv","199","2026-08-05T18:15:20.7256626+09:00"
"outputs\baseline_96ch\indy_20160630_01\test_metrics_per_window.csv","4548","2026-08-05T18:15:20.7282767+09:00"
"outputs\baseline_96ch\indy_20160630_01\test_predictions.npz","5248084","2026-08-05T18:15:21.2695697+09:00"
"outputs\baseline_96ch\indy_20160630_01\training_history.csv","4162","2026-08-05T18:15:20.7231403+09:00"
"outputs\baseline_96ch\indy_20160630_01\validation_metrics_continuous.csv","199","2026-08-05T18:15:20.7251626+09:00"
"outputs\baseline_96ch\indy_20170124_01\best_model.pt","100474","2026-08-11T17:29:15.9413452+09:00"
"outputs\baseline_96ch\indy_20170124_01\paper_baseline_comparison.csv","190","2026-08-11T17:29:15.9896389+09:00"
"outputs\baseline_96ch\indy_20170124_01\progress.json","3469","2026-08-11T17:29:15.9019308+09:00"
"outputs\baseline_96ch\indy_20170124_01\protocol_choices.json","1911","2026-08-11T17:29:15.9054886+09:00"
"outputs\baseline_96ch\indy_20170124_01\run_summary.json","3469","2026-08-11T17:29:15.8969012+09:00"
"outputs\baseline_96ch\indy_20170124_01\task_windows.csv","3970","2026-08-05T13:00:30.0620735+09:00"
"outputs\baseline_96ch\indy_20170124_01\test_metrics_continuous.csv","198","2026-08-05T13:57:16.2442651+09:00"
"outputs\baseline_96ch\indy_20170124_01\test_metrics_per_window.csv","2217","2026-08-05T13:57:16.2465482+09:00"
"outputs\baseline_96ch\indy_20170124_01\test_predictions.npz","2146736","2026-08-05T13:57:16.4444884+09:00"
"outputs\baseline_96ch\indy_20170124_01\training_history.csv","4528","2026-08-05T13:57:16.2405027+09:00"
"outputs\baseline_96ch\indy_20170124_01\validation_metrics_continuous.csv","200","2026-08-05T13:57:16.2415072+09:00"
"outputs\baseline_96ch\indy_20170127_03\best_model.pt","100474","2026-08-11T17:29:16.0463285+09:00"
"outputs\baseline_96ch\indy_20170127_03\paper_baseline_comparison.csv","190","2026-08-11T17:29:16.0967520+09:00"
"outputs\baseline_96ch\indy_20170127_03\progress.json","3461","2026-08-11T17:29:16.0043885+09:00"
"outputs\baseline_96ch\indy_20170127_03\protocol_choices.json","1911","2026-08-11T17:29:16.0214943+09:00"
"outputs\baseline_96ch\indy_20170127_03\run_summary.json","3461","2026-08-11T17:29:15.9995775+09:00"
"outputs\baseline_96ch\indy_20170127_03\task_windows.csv","4782","2026-08-05T14:16:09.5728416+09:00"
"outputs\baseline_96ch\indy_20170127_03\test_metrics_continuous.csv","198","2026-08-05T15:45:39.4531310+09:00"
"outputs\baseline_96ch\indy_20170127_03\test_metrics_per_window.csv","2595","2026-08-05T15:45:39.4543683+09:00"
"outputs\baseline_96ch\indy_20170127_03\test_predictions.npz","2473541","2026-08-05T15:45:39.6952421+09:00"
"outputs\baseline_96ch\indy_20170127_03\training_history.csv","6090","2026-08-05T15:45:39.4497342+09:00"
"outputs\baseline_96ch\indy_20170127_03\validation_metrics_continuous.csv","201","2026-08-05T15:45:39.4507354+09:00"
"outputs\baseline_96ch\indy_20170131_02\best_model.pt","100474","2026-08-11T17:29:16.1504538+09:00"
"outputs\baseline_96ch\indy_20170131_02\paper_baseline_comparison.csv","190","2026-08-11T17:29:16.2026794+09:00"
"outputs\baseline_96ch\indy_20170131_02\progress.json","3469","2026-08-11T17:29:16.1071859+09:00"
"outputs\baseline_96ch\indy_20170131_02\protocol_choices.json","1911","2026-08-11T17:29:16.1244318+09:00"
"outputs\baseline_96ch\indy_20170131_02\run_summary.json","3469","2026-08-11T17:29:16.1024209+09:00"
"outputs\baseline_96ch\indy_20170131_02\task_windows.csv","5243","2026-08-04T19:06:23.4548473+09:00"
"outputs\baseline_96ch\indy_20170131_02\test_metrics_continuous.csv","200","2026-08-04T19:29:39.2680801+09:00"
"outputs\baseline_96ch\indy_20170131_02\test_metrics_per_window.csv","2862","2026-08-04T19:29:39.2706773+09:00"
"outputs\baseline_96ch\indy_20170131_02\test_predictions.npz","2846489","2026-08-04T19:29:39.5390457+09:00"
"outputs\baseline_96ch\indy_20170131_02\training_history.csv","2315","2026-08-04T19:29:39.2660057+09:00"
"outputs\baseline_96ch\indy_20170131_02\validation_metrics_continuous.csv","199","2026-08-04T19:29:39.2669829+09:00"
"outputs\channel_selection_64_32ch\indy_20160622_01\top32\batch_progress.json","793","2026-08-06T14:31:38.1344971+09:00"
"outputs\channel_selection_64_32ch\indy_20160622_01\top32\best_model.pt","85434","2026-08-11T17:29:17.2054388+09:00"
"outputs\channel_selection_64_32ch\indy_20160622_01\top32\channel_mask.json","2598","2026-08-06T12:29:19.2582653+09:00"
"outputs\channel_selection_64_32ch\indy_20160622_01\top32\channel_ranking.csv","11004","2026-08-06T12:29:19.2554500+09:00"
"outputs\channel_selection_64_32ch\indy_20160622_01\top32\channel_ranking.png","93237","2026-08-06T12:29:19.7778027+09:00"
"outputs\channel_selection_64_32ch\indy_20160622_01\top32\progress.json","5926","2026-08-11T17:29:17.1515470+09:00"
"outputs\channel_selection_64_32ch\indy_20160622_01\top32\protocol.json","2871","2026-08-11T17:29:17.1764914+09:00"
"outputs\channel_selection_64_32ch\indy_20160622_01\top32\run_summary.json","5926","2026-08-11T17:29:17.1464266+09:00"
"outputs\channel_selection_64_32ch\indy_20160622_01\top32\task_windows.csv","8662","2026-08-06T12:29:19.7948777+09:00"
"outputs\channel_selection_64_32ch\indy_20160622_01\top32\test_metrics_continuous.csv","199","2026-08-06T14:31:41.1063432+09:00"
"outputs\channel_selection_64_32ch\indy_20160622_01\top32\test_metrics_per_window.csv","4267","2026-08-06T14:31:41.1100038+09:00"
"outputs\channel_selection_64_32ch\indy_20160622_01\top32\test_predictions.npz","9778849","2026-08-06T14:31:42.4954379+09:00"
"outputs\channel_selection_64_32ch\indy_20160622_01\top32\training_history.csv","4990","2026-08-06T14:31:41.1033427+09:00"
"outputs\channel_selection_64_32ch\indy_20160622_01\top32\validation_metrics_continuous.csv","198","2026-08-06T14:31:41.1053638+09:00"
"outputs\channel_selection_64_32ch\indy_20160622_01\top64\batch_progress.json","792","2026-08-06T12:00:41.1032007+09:00"
"outputs\channel_selection_64_32ch\indy_20160622_01\top64\best_model.pt","93626","2026-08-11T17:29:17.1100850+09:00"
"outputs\channel_selection_64_32ch\indy_20160622_01\top64\channel_mask.json","2598","2026-08-06T10:15:23.0454145+09:00"
"outputs\channel_selection_64_32ch\indy_20160622_01\top64\channel_ranking.csv","11004","2026-08-06T10:15:23.0433748+09:00"
"outputs\channel_selection_64_32ch\indy_20160622_01\top64\channel_ranking.png","93131","2026-08-06T10:15:23.6543486+09:00"
"outputs\channel_selection_64_32ch\indy_20160622_01\top64\progress.json","5927","2026-08-11T17:29:17.0531838+09:00"
"outputs\channel_selection_64_32ch\indy_20160622_01\top64\protocol.json","2871","2026-08-11T17:29:17.0755194+09:00"
"outputs\channel_selection_64_32ch\indy_20160622_01\top64\run_summary.json","5927","2026-08-11T17:29:17.0491736+09:00"
"outputs\channel_selection_64_32ch\indy_20160622_01\top64\task_windows.csv","8662","2026-08-06T10:15:23.6717553+09:00"
"outputs\channel_selection_64_32ch\indy_20160622_01\top64\test_metrics_continuous.csv","200","2026-08-06T12:00:42.1482656+09:00"
"outputs\channel_selection_64_32ch\indy_20160622_01\top64\test_metrics_per_window.csv","4262","2026-08-06T12:00:42.1482656+09:00"
"outputs\channel_selection_64_32ch\indy_20160622_01\top64\test_predictions.npz","9771111","2026-08-06T12:00:43.2281833+09:00"
"outputs\channel_selection_64_32ch\indy_20160622_01\top64\training_history.csv","4754","2026-08-06T12:00:42.1426224+09:00"
"outputs\channel_selection_64_32ch\indy_20160622_01\top64\validation_metrics_continuous.csv","200","2026-08-06T12:00:42.1426224+09:00"
"outputs\channel_selection_64_32ch\indy_20160630_01\top32\batch_progress.json","780","2026-08-06T09:43:56.9023740+09:00"
"outputs\channel_selection_64_32ch\indy_20160630_01\top32\best_model.pt","85434","2026-08-11T17:29:17.0194754+09:00"
"outputs\channel_selection_64_32ch\indy_20160630_01\top32\channel_mask.json","2598","2026-08-06T07:39:07.4495852+09:00"
"outputs\channel_selection_64_32ch\indy_20160630_01\top32\channel_ranking.csv","10788","2026-08-06T07:39:07.4475670+09:00"
"outputs\channel_selection_64_32ch\indy_20160630_01\top32\channel_ranking.png","94099","2026-08-06T07:39:08.0820368+09:00"
"outputs\channel_selection_64_32ch\indy_20160630_01\top32\progress.json","5921","2026-08-11T17:29:16.9651405+09:00"
"outputs\channel_selection_64_32ch\indy_20160630_01\top32\protocol.json","2871","2026-08-11T17:29:16.9883593+09:00"
"outputs\channel_selection_64_32ch\indy_20160630_01\top32\run_summary.json","5921","2026-08-11T17:29:16.9603856+09:00"
"outputs\channel_selection_64_32ch\indy_20160630_01\top32\task_windows.csv","8718","2026-08-06T07:39:08.1046990+09:00"
"outputs\channel_selection_64_32ch\indy_20160630_01\top32\test_metrics_continuous.csv","199","2026-08-06T09:43:57.8524983+09:00"
"outputs\channel_selection_64_32ch\indy_20160630_01\top32\test_metrics_per_window.csv","4552","2026-08-06T09:43:57.8544935+09:00"
"outputs\channel_selection_64_32ch\indy_20160630_01\top32\test_predictions.npz","8227626","2026-08-06T09:43:58.7611444+09:00"
"outputs\channel_selection_64_32ch\indy_20160630_01\top32\training_history.csv","5136","2026-08-06T09:43:57.8492752+09:00"
"outputs\channel_selection_64_32ch\indy_20160630_01\top32\validation_metrics_continuous.csv","197","2026-08-06T09:43:57.8512966+09:00"
"outputs\channel_selection_64_32ch\indy_20160630_01\top64\batch_progress.json","779","2026-08-06T06:57:12.3910800+09:00"
"outputs\channel_selection_64_32ch\indy_20160630_01\top64\best_model.pt","93626","2026-08-11T17:29:16.9242709+09:00"
"outputs\channel_selection_64_32ch\indy_20160630_01\top64\channel_mask.json","2598","2026-08-06T04:51:22.8198577+09:00"
"outputs\channel_selection_64_32ch\indy_20160630_01\top64\channel_ranking.csv","10788","2026-08-06T04:51:22.8183591+09:00"
"outputs\channel_selection_64_32ch\indy_20160630_01\top64\channel_ranking.png","93983","2026-08-06T04:51:23.3183264+09:00"
"outputs\channel_selection_64_32ch\indy_20160630_01\top64\progress.json","5926","2026-08-11T17:29:16.8758003+09:00"
"outputs\channel_selection_64_32ch\indy_20160630_01\top64\protocol.json","2871","2026-08-11T17:29:16.8984802+09:00"
"outputs\channel_selection_64_32ch\indy_20160630_01\top64\run_summary.json","5926","2026-08-11T17:29:16.8712966+09:00"
"outputs\channel_selection_64_32ch\indy_20160630_01\top64\task_windows.csv","8718","2026-08-06T04:51:23.3364023+09:00"
"outputs\channel_selection_64_32ch\indy_20160630_01\top64\test_metrics_continuous.csv","200","2026-08-06T06:57:20.5405482+09:00"
"outputs\channel_selection_64_32ch\indy_20160630_01\top64\test_metrics_per_window.csv","4543","2026-08-06T06:57:20.5435934+09:00"
"outputs\channel_selection_64_32ch\indy_20160630_01\top64\test_predictions.npz","8233509","2026-08-06T06:57:21.6177642+09:00"
"outputs\channel_selection_64_32ch\indy_20160630_01\top64\training_history.csv","5334","2026-08-06T06:57:20.5380135+09:00"
"outputs\channel_selection_64_32ch\indy_20160630_01\top64\validation_metrics_continuous.csv","201","2026-08-06T06:57:20.5395324+09:00"
"outputs\channel_selection_64_32ch\indy_20170124_01\top32\batch_progress.json","792","2026-08-05T23:19:26.4900853+09:00"
"outputs\channel_selection_64_32ch\indy_20170124_01\top32\best_model.pt","85434","2026-08-11T17:29:16.5119354+09:00"
"outputs\channel_selection_64_32ch\indy_20170124_01\top32\channel_mask.json","2598","2026-08-05T22:49:23.7560493+09:00"
"outputs\channel_selection_64_32ch\indy_20170124_01\top32\channel_ranking.csv","11064","2026-08-05T22:49:23.7540350+09:00"
"outputs\channel_selection_64_32ch\indy_20170124_01\top32\channel_ranking.png","92972","2026-08-05T22:49:24.2688965+09:00"
"outputs\channel_selection_64_32ch\indy_20170124_01\top32\progress.json","5925","2026-08-11T17:29:16.4790607+09:00"
"outputs\channel_selection_64_32ch\indy_20170124_01\top32\protocol.json","2871","2026-08-11T17:29:16.4827009+09:00"
"outputs\channel_selection_64_32ch\indy_20170124_01\top32\run_summary.json","5925","2026-08-11T17:29:16.4749952+09:00"
"outputs\channel_selection_64_32ch\indy_20170124_01\top32\task_windows.csv","3970","2026-08-05T22:49:24.2764039+09:00"
"outputs\channel_selection_64_32ch\indy_20170124_01\top32\test_metrics_continuous.csv","198","2026-08-05T23:19:27.0903872+09:00"
"outputs\channel_selection_64_32ch\indy_20170124_01\top32\test_metrics_per_window.csv","2217","2026-08-05T23:19:27.0924045+09:00"
"outputs\channel_selection_64_32ch\indy_20170124_01\top32\test_predictions.npz","3155274","2026-08-05T23:19:27.3895870+09:00"
"outputs\channel_selection_64_32ch\indy_20170124_01\top32\training_history.csv","3162","2026-08-05T23:19:27.0878676+09:00"
"outputs\channel_selection_64_32ch\indy_20170124_01\top32\validation_metrics_continuous.csv","197","2026-08-05T23:19:27.0888743+09:00"
"outputs\channel_selection_64_32ch\indy_20170124_01\top64\batch_progress.json","778","2026-08-05T22:33:35.2589489+09:00"
"outputs\channel_selection_64_32ch\indy_20170124_01\top64\best_model.pt","93626","2026-08-11T17:29:16.4483386+09:00"
"outputs\channel_selection_64_32ch\indy_20170124_01\top64\channel_mask.json","2598","2026-08-05T21:33:40.3911357+09:00"
"outputs\channel_selection_64_32ch\indy_20170124_01\top64\channel_ranking.csv","11064","2026-08-05T21:33:40.3896160+09:00"
"outputs\channel_selection_64_32ch\indy_20170124_01\top64\channel_ranking.png","92793","2026-08-05T21:33:40.8970705+09:00"
"outputs\channel_selection_64_32ch\indy_20170124_01\top64\progress.json","5926","2026-08-11T17:29:16.4042848+09:00"
"outputs\channel_selection_64_32ch\indy_20170124_01\top64\protocol.json","2871","2026-08-11T17:29:16.4249990+09:00"
"outputs\channel_selection_64_32ch\indy_20170124_01\top64\run_summary.json","5926","2026-08-11T17:29:16.3995667+09:00"
"outputs\channel_selection_64_32ch\indy_20170124_01\top64\task_windows.csv","3970","2026-08-05T21:33:40.9026251+09:00"
"outputs\channel_selection_64_32ch\indy_20170124_01\top64\test_metrics_continuous.csv","200","2026-08-05T22:33:38.4469062+09:00"
"outputs\channel_selection_64_32ch\indy_20170124_01\top64\test_metrics_per_window.csv","2210","2026-08-05T22:33:38.4489046+09:00"
"outputs\channel_selection_64_32ch\indy_20170124_01\top64\test_predictions.npz","3156965","2026-08-05T22:33:38.7482678+09:00"
"outputs\channel_selection_64_32ch\indy_20170124_01\top64\training_history.csv","5607","2026-08-05T22:33:38.4428770+09:00"
"outputs\channel_selection_64_32ch\indy_20170124_01\top64\validation_metrics_continuous.csv","201","2026-08-05T22:33:38.4448920+09:00"
"outputs\channel_selection_64_32ch\indy_20170127_03\top32\batch_progress.json","778","2026-08-06T02:22:48.5962820+09:00"
"outputs\channel_selection_64_32ch\indy_20170127_03\top32\best_model.pt","85434","2026-08-11T17:29:16.6691006+09:00"
"outputs\channel_selection_64_32ch\indy_20170127_03\top32\channel_mask.json","2598","2026-08-06T01:30:14.0525633+09:00"
"outputs\channel_selection_64_32ch\indy_20170127_03\top32\channel_ranking.csv","11102","2026-08-06T01:30:14.0500540+09:00"
"outputs\channel_selection_64_32ch\indy_20170127_03\top32\channel_ranking.png","93183","2026-08-06T01:30:14.5134304+09:00"
"outputs\channel_selection_64_32ch\indy_20170127_03\top32\progress.json","5951","2026-08-11T17:29:16.6200267+09:00"
"outputs\channel_selection_64_32ch\indy_20170127_03\top32\protocol.json","2871","2026-08-11T17:29:16.6398679+09:00"
"outputs\channel_selection_64_32ch\indy_20170127_03\top32\run_summary.json","5951","2026-08-11T17:29:16.6153776+09:00"
"outputs\channel_selection_64_32ch\indy_20170127_03\top32\task_windows.csv","4782","2026-08-06T01:30:14.5225077+09:00"
"outputs\channel_selection_64_32ch\indy_20170127_03\top32\test_metrics_continuous.csv","197","2026-08-06T02:22:49.2423772+09:00"
"outputs\channel_selection_64_32ch\indy_20170127_03\top32\test_metrics_per_window.csv","2587","2026-08-06T02:22:49.2444158+09:00"
"outputs\channel_selection_64_32ch\indy_20170127_03\top32\test_predictions.npz","3613588","2026-08-06T02:22:49.5910253+09:00"
"outputs\channel_selection_64_32ch\indy_20170127_03\top32\training_history.csv","4331","2026-08-06T02:22:49.2393737+09:00"
"outputs\channel_selection_64_32ch\indy_20170127_03\top32\validation_metrics_continuous.csv","201","2026-08-06T02:22:49.2408749+09:00"
"outputs\channel_selection_64_32ch\indy_20170127_03\top64\batch_progress.json","779","2026-08-06T01:12:46.9905202+09:00"
"outputs\channel_selection_64_32ch\indy_20170127_03\top64\best_model.pt","93626","2026-08-11T17:29:16.5883873+09:00"
"outputs\channel_selection_64_32ch\indy_20170127_03\top64\channel_mask.json","2598","2026-08-05T23:37:49.3234770+09:00"
"outputs\channel_selection_64_32ch\indy_20170127_03\top64\channel_ranking.csv","11102","2026-08-05T23:37:49.3214728+09:00"
"outputs\channel_selection_64_32ch\indy_20170127_03\top64\channel_ranking.png","93006","2026-08-05T23:37:49.9472164+09:00"
"outputs\channel_selection_64_32ch\indy_20170127_03\top64\progress.json","5991","2026-08-11T17:29:16.5440845+09:00"
"outputs\channel_selection_64_32ch\indy_20170127_03\top64\protocol.json","2871","2026-08-11T17:29:16.5646375+09:00"
"outputs\channel_selection_64_32ch\indy_20170127_03\top64\run_summary.json","5991","2026-08-11T17:29:16.5389147+09:00"
"outputs\channel_selection_64_32ch\indy_20170127_03\top64\task_windows.csv","4782","2026-08-05T23:37:49.9547290+09:00"
"outputs\channel_selection_64_32ch\indy_20170127_03\top64\test_metrics_continuous.csv","198","2026-08-06T01:12:52.7212911+09:00"
"outputs\channel_selection_64_32ch\indy_20170127_03\top64\test_metrics_per_window.csv","2587","2026-08-06T01:12:52.7238333+09:00"
"outputs\channel_selection_64_32ch\indy_20170127_03\top64\test_predictions.npz","3615175","2026-08-06T01:12:53.0724845+09:00"
"outputs\channel_selection_64_32ch\indy_20170127_03\top64\training_history.csv","7002","2026-08-06T01:12:52.7187584+09:00"
"outputs\channel_selection_64_32ch\indy_20170127_03\top64\validation_metrics_continuous.csv","200","2026-08-06T01:12:52.7197681+09:00"
"outputs\channel_selection_64_32ch\indy_20170131_02\top32\batch_progress.json","778","2026-08-06T04:21:01.0497546+09:00"
"outputs\channel_selection_64_32ch\indy_20170131_02\top32\best_model.pt","85434","2026-08-11T17:29:16.8427732+09:00"
"outputs\channel_selection_64_32ch\indy_20170131_02\top32\channel_mask.json","2598","2026-08-06T03:38:37.5323431+09:00"
"outputs\channel_selection_64_32ch\indy_20170131_02\top32\channel_ranking.csv","11123","2026-08-06T03:38:37.5313367+09:00"
"outputs\channel_selection_64_32ch\indy_20170131_02\top32\channel_ranking.png","91191","2026-08-06T03:38:38.0263553+09:00"
"outputs\channel_selection_64_32ch\indy_20170131_02\top32\progress.json","5927","2026-08-11T17:29:16.7840947+09:00"
"outputs\channel_selection_64_32ch\indy_20170131_02\top32\protocol.json","2871","2026-08-11T17:29:16.8124760+09:00"
"outputs\channel_selection_64_32ch\indy_20170131_02\top32\run_summary.json","5927","2026-08-11T17:29:16.7788862+09:00"
"outputs\channel_selection_64_32ch\indy_20170131_02\top32\task_windows.csv","5243","2026-08-06T03:38:38.0364238+09:00"
"outputs\channel_selection_64_32ch\indy_20170131_02\top32\test_metrics_continuous.csv","200","2026-08-06T04:21:09.2346550+09:00"
"outputs\channel_selection_64_32ch\indy_20170131_02\top32\test_metrics_per_window.csv","2859","2026-08-06T04:21:09.2367482+09:00"
"outputs\channel_selection_64_32ch\indy_20170131_02\top32\test_predictions.npz","4271815","2026-08-06T04:21:09.6470164+09:00"
"outputs\channel_selection_64_32ch\indy_20170131_02\top32\training_history.csv","3471","2026-08-06T04:21:09.2316314+09:00"
"outputs\channel_selection_64_32ch\indy_20170131_02\top32\validation_metrics_continuous.csv","199","2026-08-06T04:21:09.2326354+09:00"
"outputs\channel_selection_64_32ch\indy_20170131_02\top64\batch_progress.json","777","2026-08-06T03:20:04.7109205+09:00"
"outputs\channel_selection_64_32ch\indy_20170131_02\top64\best_model.pt","93626","2026-08-11T17:29:16.7494559+09:00"
"outputs\channel_selection_64_32ch\indy_20170131_02\top64\channel_mask.json","2598","2026-08-06T02:41:21.3546371+09:00"
"outputs\channel_selection_64_32ch\indy_20170131_02\top64\channel_ranking.csv","11123","2026-08-06T02:41:21.3531155+09:00"
"outputs\channel_selection_64_32ch\indy_20170131_02\top64\channel_ranking.png","91095","2026-08-06T02:41:21.8464528+09:00"
"outputs\channel_selection_64_32ch\indy_20170131_02\top64\progress.json","5924","2026-08-11T17:29:16.7048626+09:00"
"outputs\channel_selection_64_32ch\indy_20170131_02\top64\protocol.json","2871","2026-08-11T17:29:16.7241762+09:00"
"outputs\channel_selection_64_32ch\indy_20170131_02\top64\run_summary.json","5924","2026-08-11T17:29:16.7001562+09:00"
"outputs\channel_selection_64_32ch\indy_20170131_02\top64\task_windows.csv","5243","2026-08-06T02:41:21.8540017+09:00"
"outputs\channel_selection_64_32ch\indy_20170131_02\top64\test_metrics_continuous.csv","200","2026-08-06T03:20:06.7598217+09:00"
"outputs\channel_selection_64_32ch\indy_20170131_02\top64\test_metrics_per_window.csv","2848","2026-08-06T03:20:06.7613428+09:00"
"outputs\channel_selection_64_32ch\indy_20170131_02\top64\test_predictions.npz","4271697","2026-08-06T03:20:07.1796324+09:00"
"outputs\channel_selection_64_32ch\indy_20170131_02\top64\training_history.csv","3292","2026-08-06T03:20:06.7567822+09:00"
"outputs\channel_selection_64_32ch\indy_20170131_02\top64\validation_metrics_continuous.csv","200","2026-08-06T03:20:06.7582983+09:00"
"outputs\PORTABLE_COPY_LOG.txt","131105","2026-08-13T10:17:03.9675824+09:00"
"outputs\transfer_adaptation_search_seed42\_smoke\indy_20170127_03_to_indy_20170131_02\top64\candidate_validation_metrics.csv","528","2026-08-13T09:38:16.7583435+09:00"
"outputs\transfer_adaptation_search_seed42\_smoke\indy_20170127_03_to_indy_20170131_02\top64\candidate_validation_metrics_axes.csv","1618","2026-08-13T09:38:16.7603441+09:00"
"outputs\transfer_adaptation_search_seed42\_smoke\indy_20170127_03_to_indy_20170131_02\top64\candidates\full_lr1e4\best_model.pt","91130","2026-08-13T09:38:12.8896608+09:00"
"outputs\transfer_adaptation_search_seed42\_smoke\indy_20170127_03_to_indy_20170131_02\top64\candidates\full_lr1e4\best_model_in_progress.pt","91482","2026-08-13T09:38:12.8690313+09:00"
"outputs\transfer_adaptation_search_seed42\_smoke\indy_20170127_03_to_indy_20170131_02\top64\candidates\full_lr1e4\last_checkpoint.pt","355674","2026-08-13T09:38:12.8806798+09:00"
"outputs\transfer_adaptation_search_seed42\_smoke\indy_20170127_03_to_indy_20170131_02\top64\candidates\full_lr1e4\progress.json","484","2026-08-13T09:38:12.8831823+09:00"
"outputs\transfer_adaptation_search_seed42\_smoke\indy_20170127_03_to_indy_20170131_02\top64\candidates\full_lr1e4\stage_summary.json","285","2026-08-13T09:38:12.8918902+09:00"
"outputs\transfer_adaptation_search_seed42\_smoke\indy_20170127_03_to_indy_20170131_02\top64\candidates\full_lr1e4\strategy.json","1580","2026-08-13T09:38:11.7111402+09:00"
"outputs\transfer_adaptation_search_seed42\_smoke\indy_20170127_03_to_indy_20170131_02\top64\candidates\full_lr1e4\training_history.csv","307","2026-08-13T09:38:12.8866520+09:00"
"outputs\transfer_adaptation_search_seed42\_smoke\indy_20170127_03_to_indy_20170131_02\top64\candidates\full_lr1e4\training_history_in_progress.csv","307","2026-08-13T09:38:12.8720435+09:00"
"outputs\transfer_adaptation_search_seed42\_smoke\indy_20170127_03_to_indy_20170131_02\top64\candidates\full_lr3e4\best_model.pt","91130","2026-08-13T09:38:11.7011514+09:00"
"outputs\transfer_adaptation_search_seed42\_smoke\indy_20170127_03_to_indy_20170131_02\top64\candidates\full_lr3e4\best_model_in_progress.pt","91482","2026-08-13T09:38:11.1047849+09:00"
"outputs\transfer_adaptation_search_seed42\_smoke\indy_20170127_03_to_indy_20170131_02\top64\candidates\full_lr3e4\last_checkpoint.pt","355674","2026-08-13T09:38:11.6918007+09:00"
"outputs\transfer_adaptation_search_seed42\_smoke\indy_20170127_03_to_indy_20170131_02\top64\candidates\full_lr3e4\progress.json","483","2026-08-13T09:38:11.6943099+09:00"
"outputs\transfer_adaptation_search_seed42\_smoke\indy_20170127_03_to_indy_20170131_02\top64\candidates\full_lr3e4\stage_summary.json","285","2026-08-13T09:38:11.7036633+09:00"
"outputs\transfer_adaptation_search_seed42\_smoke\indy_20170127_03_to_indy_20170131_02\top64\candidates\full_lr3e4\strategy.json","1580","2026-08-13T09:38:07.8202024+09:00"
"outputs\transfer_adaptation_search_seed42\_smoke\indy_20170127_03_to_indy_20170131_02\top64\candidates\full_lr3e4\training_history.csv","306","2026-08-13T09:38:11.6978405+09:00"
"outputs\transfer_adaptation_search_seed42\_smoke\indy_20170127_03_to_indy_20170131_02\top64\candidates\full_lr3e4\training_history_in_progress.csv","306","2026-08-13T09:38:11.6852784+09:00"
"outputs\transfer_adaptation_search_seed42\_smoke\indy_20170127_03_to_indy_20170131_02\top64\candidates\head_lr1e3\best_model.pt","91130","2026-08-13T09:38:13.5999483+09:00"
"outputs\transfer_adaptation_search_seed42\_smoke\indy_20170127_03_to_indy_20170131_02\top64\candidates\head_lr1e3\best_model_in_progress.pt","91482","2026-08-13T09:38:13.5818743+09:00"
"outputs\transfer_adaptation_search_seed42\_smoke\indy_20170127_03_to_indy_20170131_02\top64\candidates\head_lr1e3\last_checkpoint.pt","184734","2026-08-13T09:38:13.5909057+09:00"
"outputs\transfer_adaptation_search_seed42\_smoke\indy_20170127_03_to_indy_20170131_02\top64\candidates\head_lr1e3\progress.json","479","2026-08-13T09:38:13.5934131+09:00"
"outputs\transfer_adaptation_search_seed42\_smoke\indy_20170127_03_to_indy_20170131_02\top64\candidates\head_lr1e3\stage_summary.json","284","2026-08-13T09:38:13.6009462+09:00"
"outputs\transfer_adaptation_search_seed42\_smoke\indy_20170127_03_to_indy_20170131_02\top64\candidates\head_lr1e3\strategy.json","1467","2026-08-13T09:38:12.9084518+09:00"
"outputs\transfer_adaptation_search_seed42\_smoke\indy_20170127_03_to_indy_20170131_02\top64\candidates\head_lr1e3\training_history.csv","299","2026-08-13T09:38:13.5969480+09:00"
"outputs\transfer_adaptation_search_seed42\_smoke\indy_20170127_03_to_indy_20170131_02\top64\candidates\head_lr1e3\training_history_in_progress.csv","299","2026-08-13T09:38:13.5843846+09:00"
"outputs\transfer_adaptation_search_seed42\_smoke\indy_20170127_03_to_indy_20170131_02\top64\candidates\last_block_lr3e4\best_model.pt","91194","2026-08-13T09:38:14.4379723+09:00"
"outputs\transfer_adaptation_search_seed42\_smoke\indy_20170127_03_to_indy_20170131_02\top64\candidates\last_block_lr3e4\best_model_in_progress.pt","91482","2026-08-13T09:38:14.0138335+09:00"
"outputs\transfer_adaptation_search_seed42\_smoke\indy_20170127_03_to_indy_20170131_02\top64\candidates\last_block_lr3e4\last_checkpoint.pt","252466","2026-08-13T09:38:14.4300183+09:00"
"outputs\transfer_adaptation_search_seed42\_smoke\indy_20170127_03_to_indy_20170131_02\top64\candidates\last_block_lr3e4\progress.json","483","2026-08-13T09:38:14.4323835+09:00"
"outputs\transfer_adaptation_search_seed42\_smoke\indy_20170127_03_to_indy_20170131_02\top64\candidates\last_block_lr3e4\stage_summary.json","292","2026-08-13T09:38:14.4399760+09:00"
"outputs\transfer_adaptation_search_seed42\_smoke\indy_20170127_03_to_indy_20170131_02\top64\candidates\last_block_lr3e4\strategy.json","1518","2026-08-13T09:38:13.6082943+09:00"
"outputs\transfer_adaptation_search_seed42\_smoke\indy_20170127_03_to_indy_20170131_02\top64\candidates\last_block_lr3e4\training_history.csv","306","2026-08-13T09:38:14.4344322+09:00"
"outputs\transfer_adaptation_search_seed42\_smoke\indy_20170127_03_to_indy_20170131_02\top64\candidates\last_block_lr3e4\training_history_in_progress.csv","306","2026-08-13T09:38:14.4236268+09:00"
"outputs\transfer_adaptation_search_seed42\_smoke\indy_20170127_03_to_indy_20170131_02\top64\progress.json","4444","2026-08-13T09:38:16.7745422+09:00"
"outputs\transfer_adaptation_search_seed42\_smoke\indy_20170127_03_to_indy_20170131_02\top64\run_summary.json","4444","2026-08-13T09:38:16.7715256+09:00"
"outputs\transfer_adaptation_search_seed42\_smoke\indy_20170127_03_to_indy_20170131_02\top64\selected_model.pt","91098","2026-08-13T09:38:16.7666572+09:00"
"outputs\transfer_adaptation_search_seed42\_smoke\indy_20170127_03_to_indy_20170131_02\top64\selected_test_metrics.csv","202","2026-08-13T09:38:16.7613452+09:00"
"outputs\transfer_adaptation_search_seed42\_smoke\indy_20170127_03_to_indy_20170131_02\top64\selected_test_predictions.npz","10188","2026-08-13T09:38:16.7640703+09:00"
"outputs\transfer_adaptation_search_seed42\full_run_20260813_093944.stderr.log","0","2026-08-13T09:39:44.7080960+09:00"
"outputs\transfer_adaptation_search_seed42\full_run_20260813_093944.stdout.log","7181","2026-08-13T10:12:33.0248491+09:00"
"outputs\transfer_adaptation_search_seed42\indy_20160622_01_to_indy_20160630_01\top64\candidates\full_lr1e4\best_model_in_progress.pt","91482","2026-08-13T10:12:32.9974415+09:00"
"outputs\transfer_adaptation_search_seed42\indy_20160622_01_to_indy_20160630_01\top64\candidates\full_lr1e4\last_checkpoint.pt","360538","2026-08-13T10:12:33.0167398+09:00"
"outputs\transfer_adaptation_search_seed42\indy_20160622_01_to_indy_20160630_01\top64\candidates\full_lr1e4\progress.json","483","2026-08-13T10:12:33.0212686+09:00"
"outputs\transfer_adaptation_search_seed42\indy_20160622_01_to_indy_20160630_01\top64\candidates\full_lr1e4\strategy.json","1582","2026-08-13T09:52:48.8943689+09:00"
"outputs\transfer_adaptation_search_seed42\indy_20160622_01_to_indy_20160630_01\top64\candidates\full_lr1e4\training_history_in_progress.csv","5365","2026-08-13T10:12:33.0045466+09:00"
"outputs\transfer_adaptation_search_seed42\indy_20160622_01_to_indy_20160630_01\top64\candidates\full_lr3e4\best_model.pt","91130","2026-08-13T09:52:48.8872035+09:00"
"outputs\transfer_adaptation_search_seed42\indy_20160622_01_to_indy_20160630_01\top64\candidates\full_lr3e4\best_model_in_progress.pt","91482","2026-08-13T09:49:19.1756069+09:00"
"outputs\transfer_adaptation_search_seed42\indy_20160622_01_to_indy_20160630_01\top64\candidates\full_lr3e4\last_checkpoint.pt","359194","2026-08-13T09:52:48.8650667+09:00"
"outputs\transfer_adaptation_search_seed42\indy_20160622_01_to_indy_20160630_01\top64\candidates\full_lr3e4\progress.json","481","2026-08-13T09:52:48.8670778+09:00"
"outputs\transfer_adaptation_search_seed42\indy_20160622_01_to_indy_20160630_01\top64\candidates\full_lr3e4\stage_summary.json","283","2026-08-13T09:52:48.8897279+09:00"
"outputs\transfer_adaptation_search_seed42\indy_20160622_01_to_indy_20160630_01\top64\candidates\full_lr3e4\strategy.json","1582","2026-08-13T09:39:54.1039169+09:00"
"outputs\transfer_adaptation_search_seed42\indy_20160622_01_to_indy_20160630_01\top64\candidates\full_lr3e4\training_history.csv","3953","2026-08-13T09:52:48.8841861+09:00"
"outputs\transfer_adaptation_search_seed42\indy_20160622_01_to_indy_20160630_01\top64\candidates\full_lr3e4\training_history_in_progress.csv","3953","2026-08-13T09:52:48.8569700+09:00"
"outputs\transfer_adaptation_search_seed42\indy_20160622_01_to_indy_20160630_01\top64\progress.json","262","2026-08-13T09:52:48.8908602+09:00"
"outputs\transfer_adaptation_search_seed43\full_run_20260813_093944.stderr.log","0","2026-08-13T09:39:44.7720545+09:00"
"outputs\transfer_adaptation_search_seed43\full_run_20260813_093944.stdout.log","7181","2026-08-13T10:12:27.0738091+09:00"
"outputs\transfer_adaptation_search_seed43\indy_20160622_01_to_indy_20160630_01\top64\candidates\full_lr1e4\best_model_in_progress.pt","91458","2026-08-13T10:12:27.0462515+09:00"
"outputs\transfer_adaptation_search_seed43\indy_20160622_01_to_indy_20160630_01\top64\candidates\full_lr1e4\last_checkpoint.pt","360854","2026-08-13T10:12:27.0627400+09:00"
"outputs\transfer_adaptation_search_seed43\indy_20160622_01_to_indy_20160630_01\top64\candidates\full_lr1e4\progress.json","483","2026-08-13T10:12:27.0687859+09:00"
"outputs\transfer_adaptation_search_seed43\indy_20160622_01_to_indy_20160630_01\top64\candidates\full_lr1e4\strategy.json","1582","2026-08-13T09:51:35.5328065+09:00"
"outputs\transfer_adaptation_search_seed43\indy_20160622_01_to_indy_20160630_01\top64\candidates\full_lr1e4\training_history_in_progress.csv","5772","2026-08-13T10:12:27.0521714+09:00"
"outputs\transfer_adaptation_search_seed43\indy_20160622_01_to_indy_20160630_01\top64\candidates\full_lr3e4\best_model.pt","91106","2026-08-13T09:51:35.5212211+09:00"
"outputs\transfer_adaptation_search_seed43\indy_20160622_01_to_indy_20160630_01\top64\candidates\full_lr3e4\best_model_in_progress.pt","91458","2026-08-13T09:47:48.2480281+09:00"
"outputs\transfer_adaptation_search_seed43\indy_20160622_01_to_indy_20160630_01\top64\candidates\full_lr3e4\last_checkpoint.pt","358678","2026-08-13T09:51:35.4976143+09:00"
"outputs\transfer_adaptation_search_seed43\indy_20160622_01_to_indy_20160630_01\top64\candidates\full_lr3e4\progress.json","483","2026-08-13T09:51:35.5006141+09:00"
"outputs\transfer_adaptation_search_seed43\indy_20160622_01_to_indy_20160630_01\top64\candidates\full_lr3e4\stage_summary.json","282","2026-08-13T09:51:35.5248439+09:00"
"outputs\transfer_adaptation_search_seed43\indy_20160622_01_to_indy_20160630_01\top64\candidates\full_lr3e4\strategy.json","1582","2026-08-13T09:39:54.0834387+09:00"
"outputs\transfer_adaptation_search_seed43\indy_20160622_01_to_indy_20160630_01\top64\candidates\full_lr3e4\training_history.csv","3551","2026-08-13T09:51:35.5178227+09:00"
"outputs\transfer_adaptation_search_seed43\indy_20160622_01_to_indy_20160630_01\top64\candidates\full_lr3e4\training_history_in_progress.csv","3551","2026-08-13T09:51:35.4887317+09:00"
"outputs\transfer_adaptation_search_seed43\indy_20160622_01_to_indy_20160630_01\top64\progress.json","262","2026-08-13T09:51:35.5268876+09:00"
"outputs\transfer_adaptation_search_seed44\full_run_20260813_093944.stderr.log","0","2026-08-13T09:39:44.7905408+09:00"
"outputs\transfer_adaptation_search_seed44\full_run_20260813_093944.stdout.log","7181","2026-08-13T10:12:44.4424285+09:00"
"outputs\transfer_adaptation_search_seed44\indy_20160622_01_to_indy_20160630_01\top64\candidates\full_lr1e4\best_model_in_progress.pt","91482","2026-08-13T10:12:44.4078017+09:00"
"outputs\transfer_adaptation_search_seed44\indy_20160622_01_to_indy_20160630_01\top64\candidates\full_lr1e4\last_checkpoint.pt","358042","2026-08-13T10:12:44.4262491+09:00"
"outputs\transfer_adaptation_search_seed44\indy_20160622_01_to_indy_20160630_01\top64\candidates\full_lr1e4\progress.json","480","2026-08-13T10:12:44.4314534+09:00"
"outputs\transfer_adaptation_search_seed44\indy_20160622_01_to_indy_20160630_01\top64\candidates\full_lr1e4\strategy.json","1582","2026-08-13T10:02:55.8631972+09:00"
"outputs\transfer_adaptation_search_seed44\indy_20160622_01_to_indy_20160630_01\top64\candidates\full_lr1e4\training_history_in_progress.csv","2746","2026-08-13T10:12:44.4144212+09:00"
"outputs\transfer_adaptation_search_seed44\indy_20160622_01_to_indy_20160630_01\top64\candidates\full_lr3e4\best_model.pt","91130","2026-08-13T10:02:55.8398423+09:00"
"outputs\transfer_adaptation_search_seed44\indy_20160622_01_to_indy_20160630_01\top64\candidates\full_lr3e4\best_model_in_progress.pt","91482","2026-08-13T09:58:46.4097072+09:00"
"outputs\transfer_adaptation_search_seed44\indy_20160622_01_to_indy_20160630_01\top64\candidates\full_lr3e4\last_checkpoint.pt","361626","2026-08-13T10:02:55.8068340+09:00"
"outputs\transfer_adaptation_search_seed44\indy_20160622_01_to_indy_20160630_01\top64\candidates\full_lr3e4\progress.json","485","2026-08-13T10:02:55.8124005+09:00"
"outputs\transfer_adaptation_search_seed44\indy_20160622_01_to_indy_20160630_01\top64\candidates\full_lr3e4\stage_summary.json","284","2026-08-13T10:02:55.8460737+09:00"
"outputs\transfer_adaptation_search_seed44\indy_20160622_01_to_indy_20160630_01\top64\candidates\full_lr3e4\strategy.json","1582","2026-08-13T09:39:54.1134720+09:00"
"outputs\transfer_adaptation_search_seed44\indy_20160622_01_to_indy_20160630_01\top64\candidates\full_lr3e4\training_history.csv","6583","2026-08-13T10:02:55.8349892+09:00"
"outputs\transfer_adaptation_search_seed44\indy_20160622_01_to_indy_20160630_01\top64\candidates\full_lr3e4\training_history_in_progress.csv","6583","2026-08-13T10:02:55.7902562+09:00"
"outputs\transfer_adaptation_search_seed44\indy_20160622_01_to_indy_20160630_01\top64\progress.json","262","2026-08-13T10:02:55.8519693+09:00"
"outputs\transfer_sutl_64ch\_smoke\indy_20170124_01_to_indy_20170127_03\top64\best_model.pt","93818","2026-08-12T00:55:04.7460756+09:00"
"outputs\transfer_sutl_64ch\_smoke\indy_20170124_01_to_indy_20170127_03\top64\channel_mask.json","3934","2026-08-12T00:54:56.6911073+09:00"
"outputs\transfer_sutl_64ch\_smoke\indy_20170124_01_to_indy_20170127_03\top64\channel_ranking.csv","32390","2026-08-12T00:54:56.6786081+09:00"
"outputs\transfer_sutl_64ch\_smoke\indy_20170124_01_to_indy_20170127_03\top64\channel_ranking.png","85081","2026-08-12T00:54:57.6360493+09:00"
"outputs\transfer_sutl_64ch\_smoke\indy_20170124_01_to_indy_20170127_03\top64\channel_redundancy.npy","73856","2026-08-12T00:54:56.6896098+09:00"
"outputs\transfer_sutl_64ch\_smoke\indy_20170124_01_to_indy_20170127_03\top64\progress.json","4135","2026-08-12T00:55:04.7545762+09:00"
"outputs\transfer_sutl_64ch\_smoke\indy_20170124_01_to_indy_20170127_03\top64\protocol.json","2241","2026-08-12T00:54:56.6695857+09:00"
"outputs\transfer_sutl_64ch\_smoke\indy_20170124_01_to_indy_20170127_03\top64\run_summary.json","4135","2026-08-12T00:55:04.7510794+09:00"
"outputs\transfer_sutl_64ch\_smoke\indy_20170124_01_to_indy_20170127_03\top64\source_pretrain\best_model.pt","91194","2026-08-12T00:55:02.5113491+09:00"
"outputs\transfer_sutl_64ch\_smoke\indy_20170124_01_to_indy_20170127_03\top64\source_pretrain\best_model_in_progress.pt","91482","2026-08-12T00:55:01.4780949+09:00"
"outputs\transfer_sutl_64ch\_smoke\indy_20170124_01_to_indy_20170127_03\top64\source_pretrain\last_checkpoint.pt","355674","2026-08-12T00:55:02.4988274+09:00"
"outputs\transfer_sutl_64ch\_smoke\indy_20170124_01_to_indy_20170127_03\top64\source_pretrain\progress.json","476","2026-08-12T00:55:02.5028286+09:00"
"outputs\transfer_sutl_64ch\_smoke\indy_20170124_01_to_indy_20170127_03\top64\source_pretrain\stage_summary.json","287","2026-08-12T00:55:02.5143525+09:00"
"outputs\transfer_sutl_64ch\_smoke\indy_20170124_01_to_indy_20170127_03\top64\source_pretrain\training_history.csv","295","2026-08-12T00:55:02.5078487+09:00"
"outputs\transfer_sutl_64ch\_smoke\indy_20170124_01_to_indy_20170127_03\top64\source_pretrain\training_history_in_progress.csv","295","2026-08-12T00:55:02.4923072+09:00"
"outputs\transfer_sutl_64ch\_smoke\indy_20170124_01_to_indy_20170127_03\top64\target_finetune\best_model.pt","91194","2026-08-12T00:55:03.6307396+09:00"
"outputs\transfer_sutl_64ch\_smoke\indy_20170124_01_to_indy_20170127_03\top64\target_finetune\best_model_in_progress.pt","91482","2026-08-12T00:55:03.0587689+09:00"
"outputs\transfer_sutl_64ch\_smoke\indy_20170124_01_to_indy_20170127_03\top64\target_finetune\last_checkpoint.pt","355674","2026-08-12T00:55:03.6200662+09:00"
"outputs\transfer_sutl_64ch\_smoke\indy_20170124_01_to_indy_20170127_03\top64\target_finetune\progress.json","476","2026-08-12T00:55:03.6232395+09:00"
"outputs\transfer_sutl_64ch\_smoke\indy_20170124_01_to_indy_20170127_03\top64\target_finetune\stage_summary.json","288","2026-08-12T00:55:03.6332479+09:00"
"outputs\transfer_sutl_64ch\_smoke\indy_20170124_01_to_indy_20170127_03\top64\target_finetune\training_history.csv","295","2026-08-12T00:55:03.6277479+09:00"
"outputs\transfer_sutl_64ch\_smoke\indy_20170124_01_to_indy_20170127_03\top64\target_finetune\training_history_in_progress.csv","295","2026-08-12T00:55:03.6045576+09:00"
"outputs\transfer_sutl_64ch\_smoke\indy_20170124_01_to_indy_20170127_03\top64\test_metrics_continuous.csv","207","2026-08-12T00:55:04.7355613+09:00"
"outputs\transfer_sutl_64ch\_smoke\indy_20170124_01_to_indy_20170127_03\top64\test_metrics_per_window.csv","290","2026-08-12T00:55:04.7375611+09:00"
"outputs\transfer_sutl_64ch\_smoke\indy_20170124_01_to_indy_20170127_03\top64\test_predictions.npz","35867","2026-08-12T00:55:04.7425770+09:00"
"outputs\transfer_sutl_64ch\_smoke\indy_20170124_01_to_indy_20170127_03\top64\validation_metrics_continuous.csv","204","2026-08-12T00:55:04.7240030+09:00"
"outputs\transfer_sutl_64ch\channel_selection_diagnostics.png","125209","2026-08-12T11:53:04.4134716+09:00"
"outputs\transfer_sutl_64ch\full_metrics.csv","3311","2026-08-12T11:52:59.8086970+09:00"
"outputs\transfer_sutl_64ch\full_run_20260812_024623.stderr.log","0","2026-08-12T02:46:23.8776174+09:00"
"outputs\transfer_sutl_64ch\full_run_20260812_024623.stdout.log","90858","2026-08-12T11:33:47.1377548+09:00"
"outputs\transfer_sutl_64ch\indy_20160622_01_to_indy_20160630_01\top64\best_model.pt","94306","2026-08-12T05:17:44.2309889+09:00"
"outputs\transfer_sutl_64ch\indy_20160622_01_to_indy_20160630_01\top64\channel_mask.json","3941","2026-08-12T02:46:41.1154098+09:00"
"outputs\transfer_sutl_64ch\indy_20160622_01_to_indy_20160630_01\top64\channel_ranking.csv","32072","2026-08-12T02:46:41.1122980+09:00"
"outputs\transfer_sutl_64ch\indy_20160622_01_to_indy_20160630_01\top64\channel_ranking.png","80650","2026-08-12T02:46:41.9841887+09:00"
"outputs\transfer_sutl_64ch\indy_20160622_01_to_indy_20160630_01\top64\channel_redundancy.npy","73856","2026-08-12T02:46:41.1122980+09:00"
"outputs\transfer_sutl_64ch\indy_20160622_01_to_indy_20160630_01\top64\progress.json","5283","2026-08-12T05:17:44.2805714+09:00"
"outputs\transfer_sutl_64ch\indy_20160622_01_to_indy_20160630_01\top64\protocol.json","2517","2026-08-12T02:46:41.0988913+09:00"
"outputs\transfer_sutl_64ch\indy_20160622_01_to_indy_20160630_01\top64\run_summary.json","5283","2026-08-12T05:17:44.2773349+09:00"
"outputs\transfer_sutl_64ch\indy_20160622_01_to_indy_20160630_01\top64\source_only_target_test_metrics_continuous.csv","210","2026-08-12T05:17:43.3458507+09:00"
"outputs\transfer_sutl_64ch\indy_20160622_01_to_indy_20160630_01\top64\source_pretrain\best_model.pt","91170","2026-08-12T04:56:40.0441683+09:00"
"outputs\transfer_sutl_64ch\indy_20160622_01_to_indy_20160630_01\top64\source_pretrain\best_model_in_progress.pt","91458","2026-08-12T04:30:13.4932762+09:00"
"outputs\transfer_sutl_64ch\indy_20160622_01_to_indy_20160630_01\top64\source_pretrain\last_checkpoint.pt","360470","2026-08-12T04:56:40.0231758+09:00"
"outputs\transfer_sutl_64ch\indy_20160622_01_to_indy_20160630_01\top64\source_pretrain\progress.json","482","2026-08-12T04:56:40.0262933+09:00"
"outputs\transfer_sutl_64ch\indy_20160622_01_to_indy_20160630_01\top64\source_pretrain\stage_summary.json","288","2026-08-12T04:56:40.0461669+09:00"
"outputs\transfer_sutl_64ch\indy_20160622_01_to_indy_20160630_01\top64\source_pretrain\training_history.csv","5324","2026-08-12T04:56:40.0409968+09:00"
"outputs\transfer_sutl_64ch\indy_20160622_01_to_indy_20160630_01\top64\source_pretrain\training_history_in_progress.csv","5324","2026-08-12T04:56:40.0178527+09:00"
"outputs\transfer_sutl_64ch\indy_20160622_01_to_indy_20160630_01\top64\target_finetune\best_model.pt","91170","2026-08-12T05:00:40.2412440+09:00"
"outputs\transfer_sutl_64ch\indy_20160622_01_to_indy_20160630_01\top64\target_finetune\best_model_in_progress.pt","91458","2026-08-12T04:59:22.7119138+09:00"
"outputs\transfer_sutl_64ch\indy_20160622_01_to_indy_20160630_01\top64\target_finetune\last_checkpoint.pt","358614","2026-08-12T05:00:40.2217953+09:00"
"outputs\transfer_sutl_64ch\indy_20160622_01_to_indy_20160630_01\top64\target_finetune\progress.json","473","2026-08-12T05:00:40.2247952+09:00"
"outputs\transfer_sutl_64ch\indy_20160622_01_to_indy_20160630_01\top64\target_finetune\stage_summary.json","283","2026-08-12T05:00:40.2432437+09:00"
"outputs\transfer_sutl_64ch\indy_20160622_01_to_indy_20160630_01\top64\target_finetune\training_history.csv","3250","2026-08-12T05:00:40.2382433+09:00"
"outputs\transfer_sutl_64ch\indy_20160622_01_to_indy_20160630_01\top64\target_finetune\training_history_in_progress.csv","3250","2026-08-12T05:00:40.2154255+09:00"
"outputs\transfer_sutl_64ch\indy_20160622_01_to_indy_20160630_01\top64\target_scratch_test_metrics_continuous.csv","204","2026-08-12T05:17:43.3468538+09:00"
"outputs\transfer_sutl_64ch\indy_20160622_01_to_indy_20160630_01\top64\target_scratch\best_model.pt","91170","2026-08-12T05:11:07.6086799+09:00"
"outputs\transfer_sutl_64ch\indy_20160622_01_to_indy_20160630_01\top64\target_scratch\best_model_in_progress.pt","91458","2026-08-12T05:09:50.5895331+09:00"
"outputs\transfer_sutl_64ch\indy_20160622_01_to_indy_20160630_01\top64\target_scratch\last_checkpoint.pt","363734","2026-08-12T05:11:07.5878939+09:00"
"outputs\transfer_sutl_64ch\indy_20160622_01_to_indy_20160630_01\top64\target_scratch\progress.json","468","2026-08-12T05:11:07.5903841+09:00"
"outputs\transfer_sutl_64ch\indy_20160622_01_to_indy_20160630_01\top64\target_scratch\stage_summary.json","297","2026-08-12T05:11:07.6106809+09:00"
"outputs\transfer_sutl_64ch\indy_20160622_01_to_indy_20160630_01\top64\target_scratch\training_history.csv","8228","2026-08-12T05:11:07.6053892+09:00"
"outputs\transfer_sutl_64ch\indy_20160622_01_to_indy_20160630_01\top64\target_scratch\training_history_in_progress.csv","8228","2026-08-12T05:11:07.5815033+09:00"
"outputs\transfer_sutl_64ch\indy_20160622_01_to_indy_20160630_01\top64\test_metrics_continuous.csv","206","2026-08-12T05:17:43.3438380+09:00"
"outputs\transfer_sutl_64ch\indy_20160622_01_to_indy_20160630_01\top64\test_metrics_per_window.csv","4651","2026-08-12T05:17:43.3488831+09:00"
"outputs\transfer_sutl_64ch\indy_20160622_01_to_indy_20160630_01\top64\test_predictions.npz","8168289","2026-08-12T05:17:44.2179407+09:00"
"outputs\transfer_sutl_64ch\indy_20160622_01_to_indy_20160630_01\top64\validation_metrics_continuous.csv","206","2026-08-12T05:17:43.3417273+09:00"
"outputs\transfer_sutl_64ch\indy_20160630_01_to_indy_20170124_01\top64\best_model.pt","94330","2026-08-12T11:33:47.0834311+09:00"
"outputs\transfer_sutl_64ch\indy_20160630_01_to_indy_20170124_01\top64\channel_mask.json","3944","2026-08-12T08:37:21.1821097+09:00"
"outputs\transfer_sutl_64ch\indy_20160630_01_to_indy_20170124_01\top64\channel_ranking.csv","31974","2026-08-12T08:37:21.1796416+09:00"
"outputs\transfer_sutl_64ch\indy_20160630_01_to_indy_20170124_01\top64\channel_ranking.png","83929","2026-08-12T08:37:22.1428921+09:00"
"outputs\transfer_sutl_64ch\indy_20160630_01_to_indy_20170124_01\top64\channel_redundancy.npy","73856","2026-08-12T08:37:21.1806448+09:00"
"outputs\transfer_sutl_64ch\indy_20160630_01_to_indy_20170124_01\top64\progress.json","5288","2026-08-12T11:33:47.1347312+09:00"
"outputs\transfer_sutl_64ch\indy_20160630_01_to_indy_20170124_01\top64\protocol.json","2517","2026-08-12T08:37:21.1707995+09:00"
"outputs\transfer_sutl_64ch\indy_20160630_01_to_indy_20170124_01\top64\run_summary.json","5288","2026-08-12T11:33:47.1316756+09:00"
"outputs\transfer_sutl_64ch\indy_20160630_01_to_indy_20170124_01\top64\source_only_target_test_metrics_continuous.csv","216","2026-08-12T11:33:46.7048099+09:00"
"outputs\transfer_sutl_64ch\indy_20160630_01_to_indy_20170124_01\top64\source_pretrain\best_model.pt","91194","2026-08-12T11:04:19.1531758+09:00"
"outputs\transfer_sutl_64ch\indy_20160630_01_to_indy_20170124_01\top64\source_pretrain\best_model_in_progress.pt","91482","2026-08-12T10:31:33.1620409+09:00"
"outputs\transfer_sutl_64ch\indy_20160630_01_to_indy_20170124_01\top64\source_pretrain\last_checkpoint.pt","360218","2026-08-12T11:04:19.1316006+09:00"
"outputs\transfer_sutl_64ch\indy_20160630_01_to_indy_20170124_01\top64\source_pretrain\progress.json","483","2026-08-12T11:04:19.1346211+09:00"
"outputs\transfer_sutl_64ch\indy_20160630_01_to_indy_20170124_01\top64\source_pretrain\stage_summary.json","286","2026-08-12T11:04:19.1555165+09:00"
"outputs\transfer_sutl_64ch\indy_20160630_01_to_indy_20170124_01\top64\source_pretrain\training_history.csv","5025","2026-08-12T11:04:19.1492417+09:00"
"outputs\transfer_sutl_64ch\indy_20160630_01_to_indy_20170124_01\top64\source_pretrain\training_history_in_progress.csv","5025","2026-08-12T11:04:19.1252301+09:00"
"outputs\transfer_sutl_64ch\indy_20160630_01_to_indy_20170124_01\top64\target_finetune\best_model.pt","91194","2026-08-12T11:13:51.2352858+09:00"
"outputs\transfer_sutl_64ch\indy_20160630_01_to_indy_20170124_01\top64\target_finetune\best_model_in_progress.pt","91482","2026-08-12T11:11:55.5814957+09:00"
"outputs\transfer_sutl_64ch\indy_20160630_01_to_indy_20170124_01\top64\target_finetune\last_checkpoint.pt","361562","2026-08-12T11:13:51.2206901+09:00"
"outputs\transfer_sutl_64ch\indy_20160630_01_to_indy_20170124_01\top64\target_finetune\progress.json","478","2026-08-12T11:13:51.2246419+09:00"
"outputs\transfer_sutl_64ch\indy_20160630_01_to_indy_20170124_01\top64\target_finetune\stage_summary.json","286","2026-08-12T11:13:51.2388133+09:00"
"outputs\transfer_sutl_64ch\indy_20160630_01_to_indy_20170124_01\top64\target_finetune\training_history.csv","6195","2026-08-12T11:13:51.2317692+09:00"
"outputs\transfer_sutl_64ch\indy_20160630_01_to_indy_20170124_01\top64\target_finetune\training_history_in_progress.csv","6195","2026-08-12T11:13:51.2107949+09:00"
"outputs\transfer_sutl_64ch\indy_20160630_01_to_indy_20170124_01\top64\target_scratch_test_metrics_continuous.csv","200","2026-08-12T11:33:46.7072585+09:00"
"outputs\transfer_sutl_64ch\indy_20160630_01_to_indy_20170124_01\top64\target_scratch\best_model.pt","91194","2026-08-12T11:30:21.0363469+09:00"
"outputs\transfer_sutl_64ch\indy_20160630_01_to_indy_20170124_01\top64\target_scratch\best_model_in_progress.pt","91482","2026-08-12T11:28:26.2663356+09:00"
"outputs\transfer_sutl_64ch\indy_20160630_01_to_indy_20170124_01\top64\target_scratch\last_checkpoint.pt","364250","2026-08-12T11:30:21.0201372+09:00"
"outputs\transfer_sutl_64ch\indy_20160630_01_to_indy_20170124_01\top64\target_scratch\progress.json","479","2026-08-12T11:30:21.0234741+09:00"
"outputs\transfer_sutl_64ch\indy_20160630_01_to_indy_20170124_01\top64\target_scratch\stage_summary.json","304","2026-08-12T11:30:21.0388802+09:00"
"outputs\transfer_sutl_64ch\indy_20160630_01_to_indy_20170124_01\top64\target_scratch\training_history.csv","8748","2026-08-12T11:30:21.0308153+09:00"
"outputs\transfer_sutl_64ch\indy_20160630_01_to_indy_20170124_01\top64\target_scratch\training_history_in_progress.csv","8748","2026-08-12T11:30:21.0107023+09:00"
"outputs\transfer_sutl_64ch\indy_20160630_01_to_indy_20170124_01\top64\test_metrics_continuous.csv","203","2026-08-12T11:33:46.7032676+09:00"
"outputs\transfer_sutl_64ch\indy_20160630_01_to_indy_20170124_01\top64\test_metrics_per_window.csv","2255","2026-08-12T11:33:46.7095398+09:00"
"outputs\transfer_sutl_64ch\indy_20160630_01_to_indy_20170124_01\top64\test_predictions.npz","3128467","2026-08-12T11:33:47.0690947+09:00"
"outputs\transfer_sutl_64ch\indy_20160630_01_to_indy_20170124_01\top64\validation_metrics_continuous.csv","202","2026-08-12T11:33:46.7017576+09:00"
"outputs\transfer_sutl_64ch\indy_20170124_01_to_indy_20170127_03\top64\best_model.pt","94306","2026-08-12T06:33:33.7586035+09:00"
"outputs\transfer_sutl_64ch\indy_20170124_01_to_indy_20170127_03\top64\channel_mask.json","3934","2026-08-12T05:18:11.8281375+09:00"
"outputs\transfer_sutl_64ch\indy_20170124_01_to_indy_20170127_03\top64\channel_ranking.csv","32548","2026-08-12T05:18:11.8266545+09:00"
"outputs\transfer_sutl_64ch\indy_20170124_01_to_indy_20170127_03\top64\channel_ranking.png","81794","2026-08-12T05:18:12.7764847+09:00"
"outputs\transfer_sutl_64ch\indy_20170124_01_to_indy_20170127_03\top64\channel_redundancy.npy","73856","2026-08-12T05:18:11.8266545+09:00"
"outputs\transfer_sutl_64ch\indy_20170124_01_to_indy_20170127_03\top64\progress.json","5282","2026-08-12T06:33:33.8032267+09:00"
"outputs\transfer_sutl_64ch\indy_20170124_01_to_indy_20170127_03\top64\protocol.json","2517","2026-08-12T05:18:11.8187939+09:00"
"outputs\transfer_sutl_64ch\indy_20170124_01_to_indy_20170127_03\top64\run_summary.json","5282","2026-08-12T06:33:33.8006163+09:00"
"outputs\transfer_sutl_64ch\indy_20170124_01_to_indy_20170127_03\top64\source_only_target_test_metrics_continuous.csv","214","2026-08-12T06:33:33.4100451+09:00"
"outputs\transfer_sutl_64ch\indy_20170124_01_to_indy_20170127_03\top64\source_pretrain\best_model.pt","91170","2026-08-12T06:11:21.5360061+09:00"
"outputs\transfer_sutl_64ch\indy_20170124_01_to_indy_20170127_03\top64\source_pretrain\best_model_in_progress.pt","91458","2026-08-12T05:58:05.7579470+09:00"
"outputs\transfer_sutl_64ch\indy_20170124_01_to_indy_20170127_03\top64\source_pretrain\last_checkpoint.pt","359510","2026-08-12T06:11:21.5222173+09:00"
"outputs\transfer_sutl_64ch\indy_20170124_01_to_indy_20170127_03\top64\source_pretrain\progress.json","483","2026-08-12T06:11:21.5222173+09:00"
"outputs\transfer_sutl_64ch\indy_20170124_01_to_indy_20170127_03\top64\source_pretrain\stage_summary.json","289","2026-08-12T06:11:21.5380147+09:00"
"outputs\transfer_sutl_64ch\indy_20170124_01_to_indy_20170127_03\top64\source_pretrain\training_history.csv","4302","2026-08-12T06:11:21.5323904+09:00"
"outputs\transfer_sutl_64ch\indy_20170124_01_to_indy_20170127_03\top64\source_pretrain\training_history_in_progress.csv","4302","2026-08-12T06:11:21.5167916+09:00"
"outputs\transfer_sutl_64ch\indy_20170124_01_to_indy_20170127_03\top64\target_finetune\best_model.pt","91170","2026-08-12T06:17:45.7641861+09:00"
"outputs\transfer_sutl_64ch\indy_20170124_01_to_indy_20170127_03\top64\target_finetune\best_model_in_progress.pt","91458","2026-08-12T06:16:26.0213988+09:00"
"outputs\transfer_sutl_64ch\indy_20170124_01_to_indy_20170127_03\top64\target_finetune\last_checkpoint.pt","360470","2026-08-12T06:17:45.7422881+09:00"
"outputs\transfer_sutl_64ch\indy_20170124_01_to_indy_20170127_03\top64\target_finetune\progress.json","479","2026-08-12T06:17:45.7451326+09:00"
"outputs\transfer_sutl_64ch\indy_20170124_01_to_indy_20170127_03\top64\target_finetune\stage_summary.json","286","2026-08-12T06:17:45.7668414+09:00"
"outputs\transfer_sutl_64ch\indy_20170124_01_to_indy_20170127_03\top64\target_finetune\training_history.csv","5158","2026-08-12T06:17:45.7611789+09:00"
"outputs\transfer_sutl_64ch\indy_20170124_01_to_indy_20170127_03\top64\target_finetune\training_history_in_progress.csv","5158","2026-08-12T06:17:45.7350601+09:00"
"outputs\transfer_sutl_64ch\indy_20170124_01_to_indy_20170127_03\top64\target_scratch_test_metrics_continuous.csv","198","2026-08-12T06:33:33.4100451+09:00"
"outputs\transfer_sutl_64ch\indy_20170124_01_to_indy_20170127_03\top64\target_scratch\best_model.pt","91170","2026-08-12T06:30:38.2574710+09:00"
"outputs\transfer_sutl_64ch\indy_20170124_01_to_indy_20170127_03\top64\target_scratch\best_model_in_progress.pt","91458","2026-08-12T06:29:20.6601387+09:00"
"outputs\transfer_sutl_64ch\indy_20170124_01_to_indy_20170127_03\top64\target_scratch\last_checkpoint.pt","365590","2026-08-12T06:30:38.2442303+09:00"
"outputs\transfer_sutl_64ch\indy_20170124_01_to_indy_20170127_03\top64\target_scratch\progress.json","476","2026-08-12T06:30:38.2475250+09:00"
"outputs\transfer_sutl_64ch\indy_20170124_01_to_indy_20170127_03\top64\target_scratch\stage_summary.json","299","2026-08-12T06:30:38.2588180+09:00"
"outputs\transfer_sutl_64ch\indy_20170124_01_to_indy_20170127_03\top64\target_scratch\training_history.csv","10205","2026-08-12T06:30:38.2542496+09:00"
"outputs\transfer_sutl_64ch\indy_20170124_01_to_indy_20170127_03\top64\target_scratch\training_history_in_progress.csv","10205","2026-08-12T06:30:38.2387176+09:00"
"outputs\transfer_sutl_64ch\indy_20170124_01_to_indy_20170127_03\top64\test_metrics_continuous.csv","203","2026-08-12T06:33:33.3941351+09:00"
"outputs\transfer_sutl_64ch\indy_20170124_01_to_indy_20170127_03\top64\test_metrics_per_window.csv","2643","2026-08-12T06:33:33.4131679+09:00"
"outputs\transfer_sutl_64ch\indy_20170124_01_to_indy_20170127_03\top64\test_predictions.npz","3582488","2026-08-12T06:33:33.7454412+09:00"
"outputs\transfer_sutl_64ch\indy_20170124_01_to_indy_20170127_03\top64\validation_metrics_continuous.csv","201","2026-08-12T06:33:33.3941351+09:00"
"outputs\transfer_sutl_64ch\indy_20170127_03_to_indy_20170131_02\top64\best_model.pt","94330","2026-08-12T08:36:53.8531724+09:00"
"outputs\transfer_sutl_64ch\indy_20170127_03_to_indy_20170131_02\top64\channel_mask.json","3938","2026-08-12T06:33:44.3328242+09:00"
"outputs\transfer_sutl_64ch\indy_20170127_03_to_indy_20170131_02\top64\channel_ranking.csv","32545","2026-08-12T06:33:44.3287102+09:00"
"outputs\transfer_sutl_64ch\indy_20170127_03_to_indy_20170131_02\top64\channel_ranking.png","81097","2026-08-12T06:33:45.1476479+09:00"
"outputs\transfer_sutl_64ch\indy_20170127_03_to_indy_20170131_02\top64\channel_redundancy.npy","73856","2026-08-12T06:33:44.3287102+09:00"
"outputs\transfer_sutl_64ch\indy_20170127_03_to_indy_20170131_02\top64\progress.json","5280","2026-08-12T08:36:53.9015107+09:00"
"outputs\transfer_sutl_64ch\indy_20170127_03_to_indy_20170131_02\top64\protocol.json","2517","2026-08-12T06:33:44.3171472+09:00"
"outputs\transfer_sutl_64ch\indy_20170127_03_to_indy_20170131_02\top64\run_summary.json","5280","2026-08-12T08:36:53.8985110+09:00"
"outputs\transfer_sutl_64ch\indy_20170127_03_to_indy_20170131_02\top64\source_only_target_test_metrics_continuous.csv","200","2026-08-12T08:36:53.4346455+09:00"
"outputs\transfer_sutl_64ch\indy_20170127_03_to_indy_20170131_02\top64\source_pretrain\best_model.pt","91194","2026-08-12T08:18:22.1011607+09:00"
"outputs\transfer_sutl_64ch\indy_20170127_03_to_indy_20170131_02\top64\source_pretrain\best_model_in_progress.pt","91482","2026-08-12T08:02:13.0367049+09:00"
"outputs\transfer_sutl_64ch\indy_20170127_03_to_indy_20170131_02\top64\source_pretrain\last_checkpoint.pt","362138","2026-08-12T08:18:22.0894843+09:00"
"outputs\transfer_sutl_64ch\indy_20170127_03_to_indy_20170131_02\top64\source_pretrain\progress.json","477","2026-08-12T08:18:22.0948469+09:00"
"outputs\transfer_sutl_64ch\indy_20170127_03_to_indy_20170131_02\top64\source_pretrain\stage_summary.json","285","2026-08-12T08:18:22.1057164+09:00"
"outputs\transfer_sutl_64ch\indy_20170127_03_to_indy_20170131_02\top64\source_pretrain\training_history.csv","6968","2026-08-12T08:18:22.1011607+09:00"
"outputs\transfer_sutl_64ch\indy_20170127_03_to_indy_20170131_02\top64\source_pretrain\training_history_in_progress.csv","6968","2026-08-12T08:18:22.0856540+09:00"
"outputs\transfer_sutl_64ch\indy_20170127_03_to_indy_20170131_02\top64\target_finetune\best_model.pt","91194","2026-08-12T08:22:31.4974709+09:00"
"outputs\transfer_sutl_64ch\indy_20170127_03_to_indy_20170131_02\top64\target_finetune\best_model_in_progress.pt","91482","2026-08-12T08:21:13.6613673+09:00"
"outputs\transfer_sutl_64ch\indy_20170127_03_to_indy_20170131_02\top64\target_finetune\last_checkpoint.pt","358746","2026-08-12T08:22:31.4854490+09:00"
"outputs\transfer_sutl_64ch\indy_20170127_03_to_indy_20170131_02\top64\target_finetune\progress.json","477","2026-08-12T08:22:31.4884513+09:00"
"outputs\transfer_sutl_64ch\indy_20170127_03_to_indy_20170131_02\top64\target_finetune\stage_summary.json","286","2026-08-12T08:22:31.4998478+09:00"
"outputs\transfer_sutl_64ch\indy_20170127_03_to_indy_20170131_02\top64\target_finetune\training_history.csv","3404","2026-08-12T08:22:31.4944491+09:00"
"outputs\transfer_sutl_64ch\indy_20170127_03_to_indy_20170131_02\top64\target_finetune\training_history_in_progress.csv","3404","2026-08-12T08:22:31.4786457+09:00"
"outputs\transfer_sutl_64ch\indy_20170127_03_to_indy_20170131_02\top64\target_scratch_test_metrics_continuous.csv","201","2026-08-12T08:36:53.4358916+09:00"
"outputs\transfer_sutl_64ch\indy_20170127_03_to_indy_20170131_02\top64\target_scratch\best_model.pt","91194","2026-08-12T08:33:31.6740905+09:00"
"outputs\transfer_sutl_64ch\indy_20170127_03_to_indy_20170131_02\top64\target_scratch\best_model_in_progress.pt","91482","2026-08-12T08:32:13.8985338+09:00"
"outputs\transfer_sutl_64ch\indy_20170127_03_to_indy_20170131_02\top64\target_scratch\last_checkpoint.pt","364250","2026-08-12T08:33:31.6547389+09:00"
"outputs\transfer_sutl_64ch\indy_20170127_03_to_indy_20170131_02\top64\target_scratch\progress.json","475","2026-08-12T08:33:31.6577423+09:00"
"outputs\transfer_sutl_64ch\indy_20170127_03_to_indy_20170131_02\top64\target_scratch\stage_summary.json","298","2026-08-12T08:33:31.6763030+09:00"
"outputs\transfer_sutl_64ch\indy_20170127_03_to_indy_20170131_02\top64\target_scratch\training_history.csv","8762","2026-08-12T08:33:31.6717585+09:00"
"outputs\transfer_sutl_64ch\indy_20170127_03_to_indy_20170131_02\top64\target_scratch\training_history_in_progress.csv","8762","2026-08-12T08:33:31.6487397+09:00"
"outputs\transfer_sutl_64ch\indy_20170127_03_to_indy_20170131_02\top64\test_metrics_continuous.csv","200","2026-08-12T08:36:53.4336466+09:00"
"outputs\transfer_sutl_64ch\indy_20170127_03_to_indy_20170131_02\top64\test_metrics_per_window.csv","2864","2026-08-12T08:36:53.4382323+09:00"
"outputs\transfer_sutl_64ch\indy_20170127_03_to_indy_20170131_02\top64\test_predictions.npz","4264525","2026-08-12T08:36:53.8401096+09:00"
"outputs\transfer_sutl_64ch\indy_20170127_03_to_indy_20170131_02\top64\validation_metrics_continuous.csv","199","2026-08-12T08:36:53.4314422+09:00"
"outputs\transfer_sutl_64ch\pair_effects.csv","1595","2026-08-12T11:52:59.8171901+09:00"
"outputs\transfer_sutl_64ch\pairwise_mask_overlap.csv","557","2026-08-12T11:48:07.5274573+09:00"
"outputs\transfer_sutl_64ch\README.md","7806","2026-08-12T11:53:04.4360358+09:00"
"outputs\transfer_sutl_64ch\report_generation.log","23378","2026-08-12T11:53:04.4600026+09:00"
"outputs\transfer_sutl_64ch\selection_summary.csv","1426","2026-08-12T11:48:07.5249328+09:00"
"outputs\transfer_sutl_64ch\training_convergence.csv","85395","2026-08-12T11:52:59.8157846+09:00"
"outputs\transfer_sutl_64ch\training_convergence.png","557912","2026-08-12T11:53:03.3688515+09:00"
"outputs\transfer_sutl_64ch\transfer_performance_comparison.png","138119","2026-08-12T11:53:00.9939126+09:00"
"outputs\transfer_sutl_64ch\validity_checks.csv","1552","2026-08-12T11:52:59.8187006+09:00"
"outputs\transfer_sutl_norm20_multiseed\channel_stability.csv","254","2026-08-13T03:21:51.9310337+09:00"
"outputs\transfer_sutl_norm20_multiseed\convergence.csv","1052","2026-08-13T03:21:51.9310337+09:00"
"outputs\transfer_sutl_norm20_multiseed\convergence_summary.png","80255","2026-08-13T03:21:54.4415431+09:00"
"outputs\transfer_sutl_norm20_multiseed\metric_summary.csv","1265","2026-08-13T03:21:51.9310337+09:00"
"outputs\transfer_sutl_norm20_multiseed\raw_metrics.csv","4068","2026-08-13T03:21:51.9292228+09:00"
"outputs\transfer_sutl_norm20_multiseed\README.md","4327","2026-08-13T03:21:54.4622801+09:00"
"outputs\transfer_sutl_norm20_multiseed\transfer_effect_summary.csv","476","2026-08-13T03:21:51.9310337+09:00"
"outputs\transfer_sutl_norm20_multiseed\transfer_effect_summary.png","82886","2026-08-13T03:21:53.9662716+09:00"
"outputs\transfer_sutl_norm20_multiseed\transfer_effects_per_seed.csv","803","2026-08-13T03:21:51.9310337+09:00"
"outputs\transfer_sutl_norm20_seed42\_smoke\indy_20160622_01_to_indy_20160630_01\top64\best_model.pt","94882","2026-08-12T15:18:08.6747753+09:00"
"outputs\transfer_sutl_norm20_seed42\_smoke\indy_20160622_01_to_indy_20160630_01\top64\channel_mask.json","3941","2026-08-12T15:17:56.4010454+09:00"
"outputs\transfer_sutl_norm20_seed42\_smoke\indy_20160622_01_to_indy_20160630_01\top64\channel_ranking.csv","32284","2026-08-12T15:17:56.3965455+09:00"
"outputs\transfer_sutl_norm20_seed42\_smoke\indy_20160622_01_to_indy_20160630_01\top64\channel_ranking.png","80107","2026-08-12T15:17:57.6798507+09:00"
"outputs\transfer_sutl_norm20_seed42\_smoke\indy_20160622_01_to_indy_20160630_01\top64\channel_redundancy.npy","73856","2026-08-12T15:17:56.3975462+09:00"
"outputs\transfer_sutl_norm20_seed42\_smoke\indy_20160622_01_to_indy_20160630_01\top64\progress.json","6322","2026-08-12T15:18:08.6935311+09:00"
"outputs\transfer_sutl_norm20_seed42\_smoke\indy_20160622_01_to_indy_20160630_01\top64\protocol.json","3219","2026-08-12T15:17:56.3859890+09:00"
"outputs\transfer_sutl_norm20_seed42\_smoke\indy_20160622_01_to_indy_20160630_01\top64\run_summary.json","6322","2026-08-12T15:18:08.6899542+09:00"
"outputs\transfer_sutl_norm20_seed42\_smoke\indy_20160622_01_to_indy_20160630_01\top64\source_only_target_test_metrics_continuous.csv","208","2026-08-12T15:18:08.6611518+09:00"
"outputs\transfer_sutl_norm20_seed42\_smoke\indy_20160622_01_to_indy_20160630_01\top64\source_pretrain\best_model.pt","91170","2026-08-12T15:18:03.4730375+09:00"
"outputs\transfer_sutl_norm20_seed42\_smoke\indy_20160622_01_to_indy_20160630_01\top64\source_pretrain\best_model_in_progress.pt","91458","2026-08-12T15:18:03.4489104+09:00"
"outputs\transfer_sutl_norm20_seed42\_smoke\indy_20160622_01_to_indy_20160630_01\top64\source_pretrain\last_checkpoint.pt","355606","2026-08-12T15:18:03.4610638+09:00"
"outputs\transfer_sutl_norm20_seed42\_smoke\indy_20160622_01_to_indy_20160630_01\top64\source_pretrain\progress.json","476","2026-08-12T15:18:03.4636888+09:00"
"outputs\transfer_sutl_norm20_seed42\_smoke\indy_20160622_01_to_indy_20160630_01\top64\source_pretrain\stage_summary.json","288","2026-08-12T15:18:03.4750512+09:00"
"outputs\transfer_sutl_norm20_seed42\_smoke\indy_20160622_01_to_indy_20160630_01\top64\source_pretrain\training_history.csv","296","2026-08-12T15:18:03.4690193+09:00"
"outputs\transfer_sutl_norm20_seed42\_smoke\indy_20160622_01_to_indy_20160630_01\top64\source_pretrain\training_history_in_progress.csv","296","2026-08-12T15:18:03.4524232+09:00"
"outputs\transfer_sutl_norm20_seed42\_smoke\indy_20160622_01_to_indy_20160630_01\top64\target_finetune\best_model.pt","91170","2026-08-12T15:18:05.0688841+09:00"
"outputs\transfer_sutl_norm20_seed42\_smoke\indy_20160622_01_to_indy_20160630_01\top64\target_finetune\best_model_in_progress.pt","91458","2026-08-12T15:18:05.0452764+09:00"
"outputs\transfer_sutl_norm20_seed42\_smoke\indy_20160622_01_to_indy_20160630_01\top64\target_finetune\last_checkpoint.pt","355606","2026-08-12T15:18:05.0584080+09:00"
"outputs\transfer_sutl_norm20_seed42\_smoke\indy_20160622_01_to_indy_20160630_01\top64\target_finetune\progress.json","479","2026-08-12T15:18:05.0614199+09:00"
"outputs\transfer_sutl_norm20_seed42\_smoke\indy_20160622_01_to_indy_20160630_01\top64\target_finetune\stage_summary.json","289","2026-08-12T15:18:05.0710710+09:00"
"outputs\transfer_sutl_norm20_seed42\_smoke\indy_20160622_01_to_indy_20160630_01\top64\target_finetune\training_history.csv","296","2026-08-12T15:18:05.0654895+09:00"
"outputs\transfer_sutl_norm20_seed42\_smoke\indy_20160622_01_to_indy_20160630_01\top64\target_finetune\training_history_in_progress.csv","296","2026-08-12T15:18:05.0492744+09:00"
"outputs\transfer_sutl_norm20_seed42\_smoke\indy_20160622_01_to_indy_20160630_01\top64\target_scratch_test_metrics_continuous.csv","210","2026-08-12T15:18:08.6626661+09:00"
"outputs\transfer_sutl_norm20_seed42\_smoke\indy_20160622_01_to_indy_20160630_01\top64\target_scratch\best_model.pt","91170","2026-08-12T15:18:06.5543044+09:00"
"outputs\transfer_sutl_norm20_seed42\_smoke\indy_20160622_01_to_indy_20160630_01\top64\target_scratch\best_model_in_progress.pt","91458","2026-08-12T15:18:05.7865246+09:00"
"outputs\transfer_sutl_norm20_seed42\_smoke\indy_20160622_01_to_indy_20160630_01\top64\target_scratch\last_checkpoint.pt","355606","2026-08-12T15:18:06.5407323+09:00"
"outputs\transfer_sutl_norm20_seed42\_smoke\indy_20160622_01_to_indy_20160630_01\top64\target_scratch\progress.json","476","2026-08-12T15:18:06.5444972+09:00"
"outputs\transfer_sutl_norm20_seed42\_smoke\indy_20160622_01_to_indy_20160630_01\top64\target_scratch\stage_summary.json","304","2026-08-12T15:18:06.5564671+09:00"
"outputs\transfer_sutl_norm20_seed42\_smoke\indy_20160622_01_to_indy_20160630_01\top64\target_scratch\training_history.csv","298","2026-08-12T15:18:06.5495114+09:00"
"outputs\transfer_sutl_norm20_seed42\_smoke\indy_20160622_01_to_indy_20160630_01\top64\target_scratch\training_history_in_progress.csv","298","2026-08-12T15:18:06.5344600+09:00"
"outputs\transfer_sutl_norm20_seed42\_smoke\indy_20160622_01_to_indy_20160630_01\top64\test_metrics_continuous.csv","207","2026-08-12T15:18:08.6601516+09:00"
"outputs\transfer_sutl_norm20_seed42\_smoke\indy_20160622_01_to_indy_20160630_01\top64\test_metrics_per_window.csv","291","2026-08-12T15:18:08.6648987+09:00"
"outputs\transfer_sutl_norm20_seed42\_smoke\indy_20160622_01_to_indy_20160630_01\top64\test_predictions.npz","35963","2026-08-12T15:18:08.6700271+09:00"
"outputs\transfer_sutl_norm20_seed42\_smoke\indy_20160622_01_to_indy_20160630_01\top64\validation_metrics_continuous.csv","201","2026-08-12T15:18:08.6581524+09:00"
"outputs\transfer_sutl_norm20_seed42\full_run_20260812_152038.stderr.log","191","2026-08-13T02:13:08.3335268+09:00"
"outputs\transfer_sutl_norm20_seed42\full_run_20260812_152038.stdout.log","57338","2026-08-13T02:12:51.7015208+09:00"
"outputs\transfer_sutl_norm20_seed42\indy_20160622_01_to_indy_20160630_01\top64\best_model.pt","94906","2026-08-12T20:29:58.2741224+09:00"
"outputs\transfer_sutl_norm20_seed42\indy_20160622_01_to_indy_20160630_01\top64\channel_mask.json","3942","2026-08-12T15:21:06.4845512+09:00"
"outputs\transfer_sutl_norm20_seed42\indy_20160622_01_to_indy_20160630_01\top64\channel_ranking.csv","32169","2026-08-12T15:21:06.4729526+09:00"
"outputs\transfer_sutl_norm20_seed42\indy_20160622_01_to_indy_20160630_01\top64\channel_ranking.png","80654","2026-08-12T15:21:07.9893183+09:00"
"outputs\transfer_sutl_norm20_seed42\indy_20160622_01_to_indy_20160630_01\top64\channel_redundancy.npy","73856","2026-08-12T15:21:06.4826333+09:00"
"outputs\transfer_sutl_norm20_seed42\indy_20160622_01_to_indy_20160630_01\top64\progress.json","6725","2026-08-12T20:29:58.2891223+09:00"
"outputs\transfer_sutl_norm20_seed42\indy_20160622_01_to_indy_20160630_01\top64\protocol.json","3232","2026-08-12T15:21:06.4647329+09:00"
"outputs\transfer_sutl_norm20_seed42\indy_20160622_01_to_indy_20160630_01\top64\run_summary.json","6725","2026-08-12T20:29:58.2851236+09:00"
"outputs\transfer_sutl_norm20_seed42\indy_20160622_01_to_indy_20160630_01\top64\source_only_target_test_metrics_continuous.csv","214","2026-08-12T20:29:57.1023348+09:00"
"outputs\transfer_sutl_norm20_seed42\indy_20160622_01_to_indy_20160630_01\top64\source_pretrain\best_model.pt","91194","2026-08-12T19:32:17.2678596+09:00"
"outputs\transfer_sutl_norm20_seed42\indy_20160622_01_to_indy_20160630_01\top64\source_pretrain\best_model_in_progress.pt","91482","2026-08-12T18:53:06.2336581+09:00"
"outputs\transfer_sutl_norm20_seed42\indy_20160622_01_to_indy_20160630_01\top64\source_pretrain\last_checkpoint.pt","361562","2026-08-12T19:32:17.2424215+09:00"
"outputs\transfer_sutl_norm20_seed42\indy_20160622_01_to_indy_20160630_01\top64\source_pretrain\progress.json","487","2026-08-12T19:32:17.2464483+09:00"
"outputs\transfer_sutl_norm20_seed42\indy_20160622_01_to_indy_20160630_01\top64\source_pretrain\stage_summary.json","290","2026-08-12T19:32:17.2704496+09:00"
"outputs\transfer_sutl_norm20_seed42\indy_20160622_01_to_indy_20160630_01\top64\source_pretrain\training_history.csv","6503","2026-08-12T19:32:17.2638318+09:00"
"outputs\transfer_sutl_norm20_seed42\indy_20160622_01_to_indy_20160630_01\top64\source_pretrain\training_history_in_progress.csv","6503","2026-08-12T19:32:17.2326285+09:00"
"outputs\transfer_sutl_norm20_seed42\indy_20160622_01_to_indy_20160630_01\top64\target_finetune\best_model.pt","91194","2026-08-12T19:48:21.3508640+09:00"
"outputs\transfer_sutl_norm20_seed42\indy_20160622_01_to_indy_20160630_01\top64\target_finetune\best_model_in_progress.pt","91482","2026-08-12T19:45:01.5456320+09:00"
"outputs\transfer_sutl_norm20_seed42\indy_20160622_01_to_indy_20160630_01\top64\target_finetune\last_checkpoint.pt","360410","2026-08-12T19:48:21.3308657+09:00"
"outputs\transfer_sutl_norm20_seed42\indy_20160622_01_to_indy_20160630_01\top64\target_finetune\progress.json","484","2026-08-12T19:48:21.3348653+09:00"
"outputs\transfer_sutl_norm20_seed42\indy_20160622_01_to_indy_20160630_01\top64\target_finetune\stage_summary.json","288","2026-08-12T19:48:21.3533756+09:00"
"outputs\transfer_sutl_norm20_seed42\indy_20160622_01_to_indy_20160630_01\top64\target_finetune\training_history.csv","5232","2026-08-12T19:48:21.3468640+09:00"
"outputs\transfer_sutl_norm20_seed42\indy_20160622_01_to_indy_20160630_01\top64\target_finetune\training_history_in_progress.csv","5232","2026-08-12T19:48:21.3208455+09:00"
"outputs\transfer_sutl_norm20_seed42\indy_20160622_01_to_indy_20160630_01\top64\target_scratch_test_metrics_continuous.csv","204","2026-08-12T20:29:57.1046085+09:00"
"outputs\transfer_sutl_norm20_seed42\indy_20160622_01_to_indy_20160630_01\top64\target_scratch\best_model.pt","91194","2026-08-12T20:18:54.9567102+09:00"
"outputs\transfer_sutl_norm20_seed42\indy_20160622_01_to_indy_20160630_01\top64\target_scratch\best_model_in_progress.pt","91482","2026-08-12T20:15:34.4822590+09:00"
"outputs\transfer_sutl_norm20_seed42\indy_20160622_01_to_indy_20160630_01\top64\target_scratch\last_checkpoint.pt","364826","2026-08-12T20:18:54.9275729+09:00"
"outputs\transfer_sutl_norm20_seed42\indy_20160622_01_to_indy_20160630_01\top64\target_scratch\progress.json","485","2026-08-12T20:18:54.9325730+09:00"
"outputs\transfer_sutl_norm20_seed42\indy_20160622_01_to_indy_20160630_01\top64\target_scratch\stage_summary.json","304","2026-08-12T20:18:54.9597156+09:00"
"outputs\transfer_sutl_norm20_seed42\indy_20160622_01_to_indy_20160630_01\top64\target_scratch\training_history.csv","9904","2026-08-12T20:18:54.9524187+09:00"
"outputs\transfer_sutl_norm20_seed42\indy_20160622_01_to_indy_20160630_01\top64\target_scratch\training_history_in_progress.csv","9904","2026-08-12T20:18:54.9165739+09:00"
"outputs\transfer_sutl_norm20_seed42\indy_20160622_01_to_indy_20160630_01\top64\test_metrics_continuous.csv","199","2026-08-12T20:29:57.1003220+09:00"
"outputs\transfer_sutl_norm20_seed42\indy_20160622_01_to_indy_20160630_01\top64\test_metrics_per_window.csv","4588","2026-08-12T20:29:57.1088458+09:00"
"outputs\transfer_sutl_norm20_seed42\indy_20160622_01_to_indy_20160630_01\top64\test_predictions.npz","7335478","2026-08-12T20:29:58.2681232+09:00"
"outputs\transfer_sutl_norm20_seed42\indy_20160622_01_to_indy_20160630_01\top64\validation_metrics_continuous.csv","200","2026-08-12T20:29:57.0983149+09:00"
"outputs\transfer_sutl_norm20_seed42\indy_20170124_01_to_indy_20170127_03\top64\best_model.pt","94906","2026-08-12T23:47:11.7180090+09:00"
"outputs\transfer_sutl_norm20_seed42\indy_20170124_01_to_indy_20170127_03\top64\channel_mask.json","3935","2026-08-12T20:30:14.0283792+09:00"
"outputs\transfer_sutl_norm20_seed42\indy_20170124_01_to_indy_20170127_03\top64\channel_ranking.csv","32579","2026-08-12T20:30:14.0153690+09:00"
"outputs\transfer_sutl_norm20_seed42\indy_20170124_01_to_indy_20170127_03\top64\channel_ranking.png","80615","2026-08-12T20:30:15.4023244+09:00"
"outputs\transfer_sutl_norm20_seed42\indy_20170124_01_to_indy_20170127_03\top64\channel_redundancy.npy","73856","2026-08-12T20:30:14.0263617+09:00"
"outputs\transfer_sutl_norm20_seed42\indy_20170124_01_to_indy_20170127_03\top64\progress.json","6723","2026-08-12T23:47:11.7379106+09:00"
"outputs\transfer_sutl_norm20_seed42\indy_20170124_01_to_indy_20170127_03\top64\protocol.json","3232","2026-08-12T20:30:14.0013713+09:00"
"outputs\transfer_sutl_norm20_seed42\indy_20170124_01_to_indy_20170127_03\top64\run_summary.json","6723","2026-08-12T23:47:11.7338858+09:00"
"outputs\transfer_sutl_norm20_seed42\indy_20170124_01_to_indy_20170127_03\top64\source_only_target_test_metrics_continuous.csv","210","2026-08-12T23:47:11.2263930+09:00"
"outputs\transfer_sutl_norm20_seed42\indy_20170124_01_to_indy_20170127_03\top64\source_pretrain\best_model.pt","91194","2026-08-12T22:54:34.7454640+09:00"
"outputs\transfer_sutl_norm20_seed42\indy_20170124_01_to_indy_20170127_03\top64\source_pretrain\best_model_in_progress.pt","91482","2026-08-12T22:35:03.6235576+09:00"
"outputs\transfer_sutl_norm20_seed42\indy_20170124_01_to_indy_20170127_03\top64\source_pretrain\last_checkpoint.pt","363098","2026-08-12T22:54:34.7215040+09:00"
"outputs\transfer_sutl_norm20_seed42\indy_20170124_01_to_indy_20170127_03\top64\source_pretrain\progress.json","487","2026-08-12T22:54:34.7235140+09:00"
"outputs\transfer_sutl_norm20_seed42\indy_20170124_01_to_indy_20170127_03\top64\source_pretrain\stage_summary.json","289","2026-08-12T22:54:34.7474720+09:00"
"outputs\transfer_sutl_norm20_seed42\indy_20170124_01_to_indy_20170127_03\top64\source_pretrain\training_history.csv","8133","2026-08-12T22:54:34.7414508+09:00"
"outputs\transfer_sutl_norm20_seed42\indy_20170124_01_to_indy_20170127_03\top64\source_pretrain\training_history_in_progress.csv","8133","2026-08-12T22:54:34.7116502+09:00"
"outputs\transfer_sutl_norm20_seed42\indy_20170124_01_to_indy_20170127_03\top64\target_finetune\best_model.pt","91194","2026-08-12T23:14:35.6465261+09:00"
"outputs\transfer_sutl_norm20_seed42\indy_20170124_01_to_indy_20170127_03\top64\target_finetune\best_model_in_progress.pt","91482","2026-08-12T23:11:14.8565638+09:00"
"outputs\transfer_sutl_norm20_seed42\indy_20170124_01_to_indy_20170127_03\top64\target_finetune\last_checkpoint.pt","361626","2026-08-12T23:14:35.6196083+09:00"
"outputs\transfer_sutl_norm20_seed42\indy_20170124_01_to_indy_20170127_03\top64\target_finetune\progress.json","485","2026-08-12T23:14:35.6236346+09:00"
"outputs\transfer_sutl_norm20_seed42\indy_20170124_01_to_indy_20170127_03\top64\target_finetune\stage_summary.json","288","2026-08-12T23:14:35.6485366+09:00"
"outputs\transfer_sutl_norm20_seed42\indy_20170124_01_to_indy_20170127_03\top64\target_finetune\training_history.csv","6569","2026-08-12T23:14:35.6404949+09:00"
"outputs\transfer_sutl_norm20_seed42\indy_20170124_01_to_indy_20170127_03\top64\target_finetune\training_history_in_progress.csv","6569","2026-08-12T23:14:35.6097995+09:00"
"outputs\transfer_sutl_norm20_seed42\indy_20170124_01_to_indy_20170127_03\top64\target_scratch_test_metrics_continuous.csv","204","2026-08-12T23:47:11.2284961+09:00"
"outputs\transfer_sutl_norm20_seed42\indy_20170124_01_to_indy_20170127_03\top64\target_scratch\best_model.pt","91194","2026-08-12T23:42:20.0460354+09:00"
"outputs\transfer_sutl_norm20_seed42\indy_20170124_01_to_indy_20170127_03\top64\target_scratch\best_model_in_progress.pt","91482","2026-08-12T23:39:00.7880422+09:00"
"outputs\transfer_sutl_norm20_seed42\indy_20170124_01_to_indy_20170127_03\top64\target_scratch\last_checkpoint.pt","363994","2026-08-12T23:42:20.0270351+09:00"
"outputs\transfer_sutl_norm20_seed42\indy_20170124_01_to_indy_20170127_03\top64\target_scratch\progress.json","483","2026-08-12T23:42:20.0310370+09:00"
"outputs\transfer_sutl_norm20_seed42\indy_20170124_01_to_indy_20170127_03\top64\target_scratch\stage_summary.json","305","2026-08-12T23:42:20.0490353+09:00"
"outputs\transfer_sutl_norm20_seed42\indy_20170124_01_to_indy_20170127_03\top64\target_scratch\training_history.csv","8930","2026-08-12T23:42:20.0410367+09:00"
"outputs\transfer_sutl_norm20_seed42\indy_20170124_01_to_indy_20170127_03\top64\target_scratch\training_history_in_progress.csv","8930","2026-08-12T23:42:20.0180358+09:00"
"outputs\transfer_sutl_norm20_seed42\indy_20170124_01_to_indy_20170127_03\top64\test_metrics_continuous.csv","201","2026-08-12T23:47:11.2234764+09:00"
"outputs\transfer_sutl_norm20_seed42\indy_20170124_01_to_indy_20170127_03\top64\test_metrics_per_window.csv","2620","2026-08-12T23:47:11.2318271+09:00"
"outputs\transfer_sutl_norm20_seed42\indy_20170124_01_to_indy_20170127_03\top64\test_predictions.npz","3613522","2026-08-12T23:47:11.7119696+09:00"
"outputs\transfer_sutl_norm20_seed42\indy_20170124_01_to_indy_20170127_03\top64\validation_metrics_continuous.csv","200","2026-08-12T23:47:11.2234764+09:00"
"outputs\transfer_sutl_norm20_seed42\indy_20170127_03_to_indy_20170131_02\top64\best_model.pt","94906","2026-08-13T02:50:02.4231124+09:00"
"outputs\transfer_sutl_norm20_seed42\indy_20170127_03_to_indy_20170131_02\top64\channel_mask.json","3939","2026-08-13T02:22:42.2719193+09:00"
"outputs\transfer_sutl_norm20_seed42\indy_20170127_03_to_indy_20170131_02\top64\channel_ranking.csv","32627","2026-08-13T02:22:42.2699089+09:00"
"outputs\transfer_sutl_norm20_seed42\indy_20170127_03_to_indy_20170131_02\top64\channel_ranking.png","80598","2026-08-13T02:22:43.3429165+09:00"
"outputs\transfer_sutl_norm20_seed42\indy_20170127_03_to_indy_20170131_02\top64\channel_redundancy.npy","73856","2026-08-13T02:22:42.2699089+09:00"
"outputs\transfer_sutl_norm20_seed42\indy_20170127_03_to_indy_20170131_02\top64\progress.json","6706","2026-08-13T02:50:02.4837330+09:00"
"outputs\transfer_sutl_norm20_seed42\indy_20170127_03_to_indy_20170131_02\top64\protocol.json","3231","2026-08-13T02:22:42.2618672+09:00"
"outputs\transfer_sutl_norm20_seed42\indy_20170127_03_to_indy_20170131_02\top64\run_summary.json","6706","2026-08-13T02:50:02.4813343+09:00"
"outputs\transfer_sutl_norm20_seed42\indy_20170127_03_to_indy_20170131_02\top64\source_only_target_test_metrics_continuous.csv","199","2026-08-13T02:50:02.0027561+09:00"
"outputs\transfer_sutl_norm20_seed42\indy_20170127_03_to_indy_20170131_02\top64\source_pretrain\best_model.pt","91194","2026-08-13T02:12:31.4808663+09:00"
"outputs\transfer_sutl_norm20_seed42\indy_20170127_03_to_indy_20170131_02\top64\source_pretrain\best_model_in_progress.pt","91482","2026-08-13T01:48:42.8612360+09:00"
"outputs\transfer_sutl_norm20_seed42\indy_20170127_03_to_indy_20170131_02\top64\source_pretrain\last_checkpoint.pt","361754","2026-08-13T02:12:31.4544588+09:00"
"outputs\transfer_sutl_norm20_seed42\indy_20170127_03_to_indy_20170131_02\top64\source_pretrain\progress.json","488","2026-08-13T02:12:31.4584597+09:00"
"outputs\transfer_sutl_norm20_seed42\indy_20170127_03_to_indy_20170131_02\top64\source_pretrain\stage_summary.json","289","2026-08-13T02:12:31.4858668+09:00"
"outputs\transfer_sutl_norm20_seed42\indy_20170127_03_to_indy_20170131_02\top64\source_pretrain\training_history.csv","6707","2026-08-13T02:12:31.4748657+09:00"
"outputs\transfer_sutl_norm20_seed42\indy_20170127_03_to_indy_20170131_02\top64\source_pretrain\training_history_in_progress.csv","6707","2026-08-13T02:12:31.4474593+09:00"
"outputs\transfer_sutl_norm20_seed42\indy_20170127_03_to_indy_20170131_02\top64\target_finetune\best_model.pt","91194","2026-08-13T02:34:24.3496240+09:00"
"outputs\transfer_sutl_norm20_seed42\indy_20170127_03_to_indy_20170131_02\top64\target_finetune\best_model_in_progress.pt","91482","2026-08-13T02:31:56.5177896+09:00"
"outputs\transfer_sutl_norm20_seed42\indy_20170127_03_to_indy_20170131_02\top64\target_finetune\last_checkpoint.pt","360474","2026-08-13T02:34:24.3364708+09:00"
"outputs\transfer_sutl_norm20_seed42\indy_20170127_03_to_indy_20170131_02\top64\target_finetune\progress.json","483","2026-08-13T02:34:24.3394699+09:00"
"outputs\transfer_sutl_norm20_seed42\indy_20170127_03_to_indy_20170131_02\top64\target_finetune\stage_summary.json","287","2026-08-13T02:34:24.3516235+09:00"
"outputs\transfer_sutl_norm20_seed42\indy_20170127_03_to_indy_20170131_02\top64\target_finetune\training_history.csv","5171","2026-08-13T02:34:24.3466241+09:00"
"outputs\transfer_sutl_norm20_seed42\indy_20170127_03_to_indy_20170131_02\top64\target_finetune\training_history_in_progress.csv","5171","2026-08-13T02:34:24.3297731+09:00"
"outputs\transfer_sutl_norm20_seed42\indy_20170127_03_to_indy_20170131_02\top64\target_scratch_test_metrics_continuous.csv","208","2026-08-13T02:50:02.0047564+09:00"
"outputs\transfer_sutl_norm20_seed42\indy_20170127_03_to_indy_20170131_02\top64\target_scratch\best_model.pt","91194","2026-08-13T02:46:02.1937395+09:00"
"outputs\transfer_sutl_norm20_seed42\indy_20170127_03_to_indy_20170131_02\top64\target_scratch\best_model_in_progress.pt","91482","2026-08-13T02:43:37.1914717+09:00"
"outputs\transfer_sutl_norm20_seed42\indy_20170127_03_to_indy_20170131_02\top64\target_scratch\last_checkpoint.pt","360410","2026-08-13T02:46:02.1729068+09:00"
"outputs\transfer_sutl_norm20_seed42\indy_20170127_03_to_indy_20170131_02\top64\target_scratch\progress.json","483","2026-08-13T02:46:02.1749072+09:00"
"outputs\transfer_sutl_norm20_seed42\indy_20170127_03_to_indy_20170131_02\top64\target_scratch\stage_summary.json","297","2026-08-13T02:46:02.1957398+09:00"
"outputs\transfer_sutl_norm20_seed42\indy_20170127_03_to_indy_20170131_02\top64\target_scratch\training_history.csv","5240","2026-08-13T02:46:02.1907397+09:00"
"outputs\transfer_sutl_norm20_seed42\indy_20170127_03_to_indy_20170131_02\top64\target_scratch\training_history_in_progress.csv","5240","2026-08-13T02:46:02.1659073+09:00"
"outputs\transfer_sutl_norm20_seed42\indy_20170127_03_to_indy_20170131_02\top64\test_metrics_continuous.csv","199","2026-08-13T02:50:02.0017561+09:00"
"outputs\transfer_sutl_norm20_seed42\indy_20170127_03_to_indy_20170131_02\top64\test_metrics_per_window.csv","2870","2026-08-13T02:50:02.0067562+09:00"
"outputs\transfer_sutl_norm20_seed42\indy_20170127_03_to_indy_20170131_02\top64\test_predictions.npz","4227122","2026-08-13T02:50:02.4201110+09:00"
"outputs\transfer_sutl_norm20_seed42\indy_20170127_03_to_indy_20170131_02\top64\validation_metrics_continuous.csv","199","2026-08-13T02:50:02.0007562+09:00"
"outputs\transfer_sutl_norm20_seed42\resume_20260813_022205.stderr.log","0","2026-08-13T02:22:05.1471065+09:00"
"outputs\transfer_sutl_norm20_seed42\resume_20260813_022205.stdout.log","16218","2026-08-13T02:50:02.4867319+09:00"
"outputs\transfer_sutl_norm20_seed43\full_run_20260812_152038.stderr.log","0","2026-08-12T15:20:38.6421527+09:00"
"outputs\transfer_sutl_norm20_seed43\full_run_20260812_152038.stdout.log","54612","2026-08-13T02:12:02.3985367+09:00"
"outputs\transfer_sutl_norm20_seed43\indy_20160622_01_to_indy_20160630_01\top64\best_model.pt","94906","2026-08-12T19:35:51.4202233+09:00"
"outputs\transfer_sutl_norm20_seed43\indy_20160622_01_to_indy_20160630_01\top64\channel_mask.json","3942","2026-08-12T15:21:06.8559226+09:00"
"outputs\transfer_sutl_norm20_seed43\indy_20160622_01_to_indy_20160630_01\top64\channel_ranking.csv","32169","2026-08-12T15:21:06.8408397+09:00"
"outputs\transfer_sutl_norm20_seed43\indy_20160622_01_to_indy_20160630_01\top64\channel_ranking.png","80654","2026-08-12T15:21:08.3478754+09:00"
"outputs\transfer_sutl_norm20_seed43\indy_20160622_01_to_indy_20160630_01\top64\channel_redundancy.npy","73856","2026-08-12T15:21:06.8523986+09:00"
"outputs\transfer_sutl_norm20_seed43\indy_20160622_01_to_indy_20160630_01\top64\progress.json","6726","2026-08-12T19:35:51.4852221+09:00"
"outputs\transfer_sutl_norm20_seed43\indy_20160622_01_to_indy_20160630_01\top64\protocol.json","3232","2026-08-12T15:21:06.8292369+09:00"
"outputs\transfer_sutl_norm20_seed43\indy_20160622_01_to_indy_20160630_01\top64\run_summary.json","6726","2026-08-12T19:35:51.4821290+09:00"
"outputs\transfer_sutl_norm20_seed43\indy_20160622_01_to_indy_20160630_01\top64\source_only_target_test_metrics_continuous.csv","211","2026-08-12T19:35:50.1010455+09:00"
"outputs\transfer_sutl_norm20_seed43\indy_20160622_01_to_indy_20160630_01\top64\source_pretrain\best_model.pt","91194","2026-08-12T18:36:15.6015858+09:00"
"outputs\transfer_sutl_norm20_seed43\indy_20160622_01_to_indy_20160630_01\top64\source_pretrain\best_model_in_progress.pt","91482","2026-08-12T17:53:29.7118849+09:00"
"outputs\transfer_sutl_norm20_seed43\indy_20160622_01_to_indy_20160630_01\top64\source_pretrain\last_checkpoint.pt","360090","2026-08-12T18:36:15.5776398+09:00"
"outputs\transfer_sutl_norm20_seed43\indy_20160622_01_to_indy_20160630_01\top64\source_pretrain\progress.json","487","2026-08-12T18:36:15.5816404+09:00"
"outputs\transfer_sutl_norm20_seed43\indy_20160622_01_to_indy_20160630_01\top64\source_pretrain\stage_summary.json","289","2026-08-12T18:36:15.6045844+09:00"
"outputs\transfer_sutl_norm20_seed43\indy_20160622_01_to_indy_20160630_01\top64\source_pretrain\training_history.csv","4941","2026-08-12T18:36:15.5975870+09:00"
"outputs\transfer_sutl_norm20_seed43\indy_20160622_01_to_indy_20160630_01\top64\source_pretrain\training_history_in_progress.csv","4941","2026-08-12T18:36:15.5681493+09:00"
"outputs\transfer_sutl_norm20_seed43\indy_20160622_01_to_indy_20160630_01\top64\target_finetune\best_model.pt","91194","2026-08-12T18:56:02.1601940+09:00"
"outputs\transfer_sutl_norm20_seed43\indy_20160622_01_to_indy_20160630_01\top64\target_finetune\best_model_in_progress.pt","91482","2026-08-12T18:52:36.8051578+09:00"
"outputs\transfer_sutl_norm20_seed43\indy_20160622_01_to_indy_20160630_01\top64\target_finetune\last_checkpoint.pt","361114","2026-08-12T18:56:02.1422230+09:00"
"outputs\transfer_sutl_norm20_seed43\indy_20160622_01_to_indy_20160630_01\top64\target_finetune\progress.json","486","2026-08-12T18:56:02.1449280+09:00"
"outputs\transfer_sutl_norm20_seed43\indy_20160622_01_to_indy_20160630_01\top64\target_finetune\stage_summary.json","289","2026-08-12T18:56:02.1622379+09:00"
"outputs\transfer_sutl_norm20_seed43\indy_20160622_01_to_indy_20160630_01\top64\target_finetune\training_history.csv","6056","2026-08-12T18:56:02.1543090+09:00"
"outputs\transfer_sutl_norm20_seed43\indy_20160622_01_to_indy_20160630_01\top64\target_finetune\training_history_in_progress.csv","6056","2026-08-12T18:56:02.1331636+09:00"
"outputs\transfer_sutl_norm20_seed43\indy_20160622_01_to_indy_20160630_01\top64\target_scratch_test_metrics_continuous.csv","203","2026-08-12T19:35:50.1030461+09:00"
"outputs\transfer_sutl_norm20_seed43\indy_20160622_01_to_indy_20160630_01\top64\target_scratch\best_model.pt","91194","2026-08-12T19:24:47.2811775+09:00"
"outputs\transfer_sutl_norm20_seed43\indy_20160622_01_to_indy_20160630_01\top64\target_scratch\best_model_in_progress.pt","91482","2026-08-12T19:21:25.7092430+09:00"
"outputs\transfer_sutl_norm20_seed43\indy_20160622_01_to_indy_20160630_01\top64\target_scratch\last_checkpoint.pt","364314","2026-08-12T19:24:47.2564438+09:00"
"outputs\transfer_sutl_norm20_seed43\indy_20160622_01_to_indy_20160630_01\top64\target_scratch\progress.json","484","2026-08-12T19:24:47.2584507+09:00"
"outputs\transfer_sutl_norm20_seed43\indy_20160622_01_to_indy_20160630_01\top64\target_scratch\stage_summary.json","305","2026-08-12T19:24:47.2831836+09:00"
"outputs\transfer_sutl_norm20_seed43\indy_20160622_01_to_indy_20160630_01\top64\target_scratch\training_history.csv","9270","2026-08-12T19:24:47.2774206+09:00"
"outputs\transfer_sutl_norm20_seed43\indy_20160622_01_to_indy_20160630_01\top64\target_scratch\training_history_in_progress.csv","9270","2026-08-12T19:24:47.2462173+09:00"
"outputs\transfer_sutl_norm20_seed43\indy_20160622_01_to_indy_20160630_01\top64\test_metrics_continuous.csv","202","2026-08-12T19:35:50.0990469+09:00"
"outputs\transfer_sutl_norm20_seed43\indy_20160622_01_to_indy_20160630_01\top64\test_metrics_per_window.csv","4606","2026-08-12T19:35:50.1050461+09:00"
"outputs\transfer_sutl_norm20_seed43\indy_20160622_01_to_indy_20160630_01\top64\test_predictions.npz","8137983","2026-08-12T19:35:51.4142221+09:00"
"outputs\transfer_sutl_norm20_seed43\indy_20160622_01_to_indy_20160630_01\top64\validation_metrics_continuous.csv","201","2026-08-12T19:35:50.0970446+09:00"
"outputs\transfer_sutl_norm20_seed43\indy_20170124_01_to_indy_20170127_03\top64\best_model.pt","94882","2026-08-12T22:45:01.2309640+09:00"
"outputs\transfer_sutl_norm20_seed43\indy_20170124_01_to_indy_20170127_03\top64\channel_mask.json","3935","2026-08-12T19:36:28.5437392+09:00"
"outputs\transfer_sutl_norm20_seed43\indy_20170124_01_to_indy_20170127_03\top64\channel_ranking.csv","32579","2026-08-12T19:36:28.5304881+09:00"
"outputs\transfer_sutl_norm20_seed43\indy_20170124_01_to_indy_20170127_03\top64\channel_ranking.png","80615","2026-08-12T19:36:30.0641396+09:00"
"outputs\transfer_sutl_norm20_seed43\indy_20170124_01_to_indy_20170127_03\top64\channel_redundancy.npy","73856","2026-08-12T19:36:28.5417426+09:00"
"outputs\transfer_sutl_norm20_seed43\indy_20170124_01_to_indy_20170127_03\top64\progress.json","6725","2026-08-12T22:45:01.2931731+09:00"
"outputs\transfer_sutl_norm20_seed43\indy_20170124_01_to_indy_20170127_03\top64\protocol.json","3232","2026-08-12T19:36:28.5184890+09:00"
"outputs\transfer_sutl_norm20_seed43\indy_20170124_01_to_indy_20170127_03\top64\run_summary.json","6725","2026-08-12T22:45:01.2879554+09:00"
"outputs\transfer_sutl_norm20_seed43\indy_20170124_01_to_indy_20170127_03\top64\source_only_target_test_metrics_continuous.csv","213","2026-08-12T22:45:00.7270677+09:00"
"outputs\transfer_sutl_norm20_seed43\indy_20170124_01_to_indy_20170127_03\top64\source_pretrain\best_model.pt","91170","2026-08-12T22:08:47.6999721+09:00"
"outputs\transfer_sutl_norm20_seed43\indy_20170124_01_to_indy_20170127_03\top64\source_pretrain\best_model_in_progress.pt","91458","2026-08-12T21:49:17.3271879+09:00"
"outputs\transfer_sutl_norm20_seed43\indy_20170124_01_to_indy_20170127_03\top64\source_pretrain\last_checkpoint.pt","363414","2026-08-12T22:08:47.6742847+09:00"
"outputs\transfer_sutl_norm20_seed43\indy_20170124_01_to_indy_20170127_03\top64\source_pretrain\progress.json","484","2026-08-12T22:08:47.6783604+09:00"
"outputs\transfer_sutl_norm20_seed43\indy_20170124_01_to_indy_20170127_03\top64\source_pretrain\stage_summary.json","288","2026-08-12T22:08:47.7039835+09:00"
"outputs\transfer_sutl_norm20_seed43\indy_20170124_01_to_indy_20170127_03\top64\source_pretrain\training_history.csv","8572","2026-08-12T22:08:47.6956859+09:00"
"outputs\transfer_sutl_norm20_seed43\indy_20170124_01_to_indy_20170127_03\top64\source_pretrain\training_history_in_progress.csv","8572","2026-08-12T22:08:47.6662091+09:00"
"outputs\transfer_sutl_norm20_seed43\indy_20170124_01_to_indy_20170127_03\top64\target_finetune\best_model.pt","91170","2026-08-12T22:26:51.8820784+09:00"
"outputs\transfer_sutl_norm20_seed43\indy_20170124_01_to_indy_20170127_03\top64\target_finetune\best_model_in_progress.pt","91458","2026-08-12T22:23:32.0039703+09:00"
"outputs\transfer_sutl_norm20_seed43\indy_20170124_01_to_indy_20170127_03\top64\target_finetune\last_checkpoint.pt","360982","2026-08-12T22:26:51.8538770+09:00"
"outputs\transfer_sutl_norm20_seed43\indy_20170124_01_to_indy_20170127_03\top64\target_finetune\progress.json","483","2026-08-12T22:26:51.8588754+09:00"
"outputs\transfer_sutl_norm20_seed43\indy_20170124_01_to_indy_20170127_03\top64\target_finetune\stage_summary.json","289","2026-08-12T22:26:51.8850799+09:00"
"outputs\transfer_sutl_norm20_seed43\indy_20170124_01_to_indy_20170127_03\top64\target_finetune\training_history.csv","5889","2026-08-12T22:26:51.8780827+09:00"
"outputs\transfer_sutl_norm20_seed43\indy_20170124_01_to_indy_20170127_03\top64\target_finetune\training_history_in_progress.csv","5889","2026-08-12T22:26:51.8398787+09:00"
"outputs\transfer_sutl_norm20_seed43\indy_20170124_01_to_indy_20170127_03\top64\target_scratch_test_metrics_continuous.csv","210","2026-08-12T22:45:00.7290822+09:00"
"outputs\transfer_sutl_norm20_seed43\indy_20170124_01_to_indy_20170127_03\top64\target_scratch\best_model.pt","91170","2026-08-12T22:40:11.6195278+09:00"
"outputs\transfer_sutl_norm20_seed43\indy_20170124_01_to_indy_20170127_03\top64\target_scratch\best_model_in_progress.pt","91458","2026-08-12T22:36:51.3592254+09:00"
"outputs\transfer_sutl_norm20_seed43\indy_20170124_01_to_indy_20170127_03\top64\target_scratch\last_checkpoint.pt","359510","2026-08-12T22:40:11.5922485+09:00"
"outputs\transfer_sutl_norm20_seed43\indy_20170124_01_to_indy_20170127_03\top64\target_scratch\progress.json","482","2026-08-12T22:40:11.5962652+09:00"
"outputs\transfer_sutl_norm20_seed43\indy_20170124_01_to_indy_20170127_03\top64\target_scratch\stage_summary.json","304","2026-08-12T22:40:11.6235582+09:00"
"outputs\transfer_sutl_norm20_seed43\indy_20170124_01_to_indy_20170127_03\top64\target_scratch\training_history.csv","4350","2026-08-12T22:40:11.6145106+09:00"
"outputs\transfer_sutl_norm20_seed43\indy_20170124_01_to_indy_20170127_03\top64\target_scratch\training_history_in_progress.csv","4350","2026-08-12T22:40:11.5824752+09:00"
"outputs\transfer_sutl_norm20_seed43\indy_20170124_01_to_indy_20170127_03\top64\test_metrics_continuous.csv","199","2026-08-12T22:45:00.7250537+09:00"
"outputs\transfer_sutl_norm20_seed43\indy_20170124_01_to_indy_20170127_03\top64\test_metrics_per_window.csv","2602","2026-08-12T22:45:00.7290822+09:00"
"outputs\transfer_sutl_norm20_seed43\indy_20170124_01_to_indy_20170127_03\top64\test_predictions.npz","3611331","2026-08-12T22:45:01.2164695+09:00"
"outputs\transfer_sutl_norm20_seed43\indy_20170124_01_to_indy_20170127_03\top64\validation_metrics_continuous.csv","200","2026-08-12T22:45:00.7232968+09:00"
"outputs\transfer_sutl_norm20_seed43\indy_20170127_03_to_indy_20170131_02\top64\best_model.pt","94882","2026-08-13T03:01:19.6853896+09:00"
"outputs\transfer_sutl_norm20_seed43\indy_20170127_03_to_indy_20170131_02\top64\channel_mask.json","3939","2026-08-13T02:22:42.1524092+09:00"
"outputs\transfer_sutl_norm20_seed43\indy_20170127_03_to_indy_20170131_02\top64\channel_ranking.csv","32627","2026-08-13T02:22:42.1483899+09:00"
"outputs\transfer_sutl_norm20_seed43\indy_20170127_03_to_indy_20170131_02\top64\channel_ranking.png","80598","2026-08-13T02:22:43.3153727+09:00"
"outputs\transfer_sutl_norm20_seed43\indy_20170127_03_to_indy_20170131_02\top64\channel_redundancy.npy","73856","2026-08-13T02:22:42.1503993+09:00"
"outputs\transfer_sutl_norm20_seed43\indy_20170127_03_to_indy_20170131_02\top64\progress.json","6709","2026-08-13T03:01:19.7057463+09:00"
"outputs\transfer_sutl_norm20_seed43\indy_20170127_03_to_indy_20170131_02\top64\protocol.json","3231","2026-08-13T02:22:42.1397912+09:00"
"outputs\transfer_sutl_norm20_seed43\indy_20170127_03_to_indy_20170131_02\top64\run_summary.json","6709","2026-08-13T03:01:19.7037362+09:00"
"outputs\transfer_sutl_norm20_seed43\indy_20170127_03_to_indy_20170131_02\top64\source_only_target_test_metrics_continuous.csv","201","2026-08-13T03:01:19.2792570+09:00"
"outputs\transfer_sutl_norm20_seed43\indy_20170127_03_to_indy_20170131_02\top64\source_pretrain\best_model.pt","91170","2026-08-13T02:43:59.3872735+09:00"
"outputs\transfer_sutl_norm20_seed43\indy_20170127_03_to_indy_20170131_02\top64\source_pretrain\best_model_in_progress.pt","91458","2026-08-13T02:26:26.1676165+09:00"
"outputs\transfer_sutl_norm20_seed43\indy_20170127_03_to_indy_20170131_02\top64\source_pretrain\last_checkpoint.pt","365974","2026-08-13T02:43:59.3663346+09:00"
"outputs\transfer_sutl_norm20_seed43\indy_20170127_03_to_indy_20170131_02\top64\source_pretrain\progress.json","486","2026-08-13T02:43:59.3680815+09:00"
"outputs\transfer_sutl_norm20_seed43\indy_20170127_03_to_indy_20170131_02\top64\source_pretrain\stage_summary.json","289","2026-08-13T02:43:59.3892784+09:00"
"outputs\transfer_sutl_norm20_seed43\indy_20170127_03_to_indy_20170131_02\top64\source_pretrain\training_history.csv","10893","2026-08-13T02:43:59.3852667+09:00"
"outputs\transfer_sutl_norm20_seed43\indy_20170127_03_to_indy_20170131_02\top64\source_pretrain\training_history_in_progress.csv","10893","2026-08-13T02:43:59.3542974+09:00"
"outputs\transfer_sutl_norm20_seed43\indy_20170127_03_to_indy_20170131_02\top64\target_finetune\best_model.pt","91170","2026-08-13T02:48:53.6203798+09:00"
"outputs\transfer_sutl_norm20_seed43\indy_20170127_03_to_indy_20170131_02\top64\target_finetune\best_model_in_progress.pt","91458","2026-08-13T02:46:25.4720876+09:00"
"outputs\transfer_sutl_norm20_seed43\indy_20170127_03_to_indy_20170131_02\top64\target_finetune\last_checkpoint.pt","357462","2026-08-13T02:48:53.6010459+09:00"
"outputs\transfer_sutl_norm20_seed43\indy_20170127_03_to_indy_20170131_02\top64\target_finetune\progress.json","485","2026-08-13T02:48:53.6010459+09:00"
"outputs\transfer_sutl_norm20_seed43\indy_20170127_03_to_indy_20170131_02\top64\target_finetune\stage_summary.json","289","2026-08-13T02:48:53.6223864+09:00"
"outputs\transfer_sutl_norm20_seed43\indy_20170127_03_to_indy_20170131_02\top64\target_finetune\training_history.csv","2241","2026-08-13T02:48:53.6183707+09:00"
"outputs\transfer_sutl_norm20_seed43\indy_20170127_03_to_indy_20170131_02\top64\target_finetune\training_history_in_progress.csv","2241","2026-08-13T02:48:53.5912803+09:00"
"outputs\transfer_sutl_norm20_seed43\indy_20170127_03_to_indy_20170131_02\top64\target_scratch_test_metrics_continuous.csv","207","2026-08-13T03:01:19.2792570+09:00"
"outputs\transfer_sutl_norm20_seed43\indy_20170127_03_to_indy_20170131_02\top64\target_scratch\best_model.pt","91170","2026-08-13T02:57:59.0926322+09:00"
"outputs\transfer_sutl_norm20_seed43\indy_20170127_03_to_indy_20170131_02\top64\target_scratch\best_model_in_progress.pt","91458","2026-08-13T02:55:45.1057939+09:00"
"outputs\transfer_sutl_norm20_seed43\indy_20170127_03_to_indy_20170131_02\top64\target_scratch\last_checkpoint.pt","359510","2026-08-13T02:57:59.0742210+09:00"
"outputs\transfer_sutl_norm20_seed43\indy_20170127_03_to_indy_20170131_02\top64\target_scratch\progress.json","482","2026-08-13T02:57:59.0762216+09:00"
"outputs\transfer_sutl_norm20_seed43\indy_20170127_03_to_indy_20170131_02\top64\target_scratch\stage_summary.json","297","2026-08-13T02:57:59.0942842+09:00"
"outputs\transfer_sutl_norm20_seed43\indy_20170127_03_to_indy_20170131_02\top64\target_scratch\training_history.csv","4349","2026-08-13T02:57:59.0897789+09:00"
"outputs\transfer_sutl_norm20_seed43\indy_20170127_03_to_indy_20170131_02\top64\target_scratch\training_history_in_progress.csv","4349","2026-08-13T02:57:59.0685308+09:00"
"outputs\transfer_sutl_norm20_seed43\indy_20170127_03_to_indy_20170131_02\top64\test_metrics_continuous.csv","200","2026-08-13T03:01:19.2716998+09:00"
"outputs\transfer_sutl_norm20_seed43\indy_20170127_03_to_indy_20170131_02\top64\test_metrics_per_window.csv","2858","2026-08-13T03:01:19.2834939+09:00"
"outputs\transfer_sutl_norm20_seed43\indy_20170127_03_to_indy_20170131_02\top64\test_predictions.npz","4006484","2026-08-13T03:01:19.6814400+09:00"
"outputs\transfer_sutl_norm20_seed43\indy_20170127_03_to_indy_20170131_02\top64\validation_metrics_continuous.csv","197","2026-08-13T03:01:19.2716998+09:00"
"outputs\transfer_sutl_norm20_seed43\resume_20260813_022205.stderr.log","0","2026-08-13T02:22:05.2706664+09:00"
"outputs\transfer_sutl_norm20_seed43\resume_20260813_022205.stdout.log","14377","2026-08-13T03:01:19.7077541+09:00"
"outputs\transfer_sutl_norm20_seed44\full_run_20260812_152038.stderr.log","36","2026-08-13T02:13:08.3335268+09:00"
"outputs\transfer_sutl_norm20_seed44\full_run_20260812_152038.stdout.log","65830","2026-08-13T02:08:49.6526240+09:00"
"outputs\transfer_sutl_norm20_seed44\indy_20160622_01_to_indy_20160630_01\top64\best_model.pt","94906","2026-08-12T20:09:28.1788999+09:00"
"outputs\transfer_sutl_norm20_seed44\indy_20160622_01_to_indy_20160630_01\top64\channel_mask.json","3942","2026-08-12T15:21:06.8628938+09:00"
"outputs\transfer_sutl_norm20_seed44\indy_20160622_01_to_indy_20160630_01\top64\channel_ranking.csv","32169","2026-08-12T15:21:06.8589368+09:00"
"outputs\transfer_sutl_norm20_seed44\indy_20160622_01_to_indy_20160630_01\top64\channel_ranking.png","80654","2026-08-12T15:21:08.3700722+09:00"
"outputs\transfer_sutl_norm20_seed44\indy_20160622_01_to_indy_20160630_01\top64\channel_redundancy.npy","73856","2026-08-12T15:21:06.8599373+09:00"
"outputs\transfer_sutl_norm20_seed44\indy_20160622_01_to_indy_20160630_01\top64\progress.json","6729","2026-08-12T20:09:28.2600600+09:00"
"outputs\transfer_sutl_norm20_seed44\indy_20160622_01_to_indy_20160630_01\top64\protocol.json","3232","2026-08-12T15:21:06.8459253+09:00"
"outputs\transfer_sutl_norm20_seed44\indy_20160622_01_to_indy_20160630_01\top64\run_summary.json","6729","2026-08-12T20:09:28.2540228+09:00"
"outputs\transfer_sutl_norm20_seed44\indy_20160622_01_to_indy_20160630_01\top64\source_only_target_test_metrics_continuous.csv","213","2026-08-12T20:09:26.9476168+09:00"
"outputs\transfer_sutl_norm20_seed44\indy_20160622_01_to_indy_20160630_01\top64\source_pretrain\best_model.pt","91194","2026-08-12T19:08:27.8588605+09:00"
"outputs\transfer_sutl_norm20_seed44\indy_20160622_01_to_indy_20160630_01\top64\source_pretrain\best_model_in_progress.pt","91482","2026-08-12T18:27:18.9819813+09:00"
"outputs\transfer_sutl_norm20_seed44\indy_20160622_01_to_indy_20160630_01\top64\source_pretrain\last_checkpoint.pt","360922","2026-08-12T19:08:27.8323063+09:00"
"outputs\transfer_sutl_norm20_seed44\indy_20160622_01_to_indy_20160630_01\top64\source_pretrain\progress.json","487","2026-08-12T19:08:27.8373075+09:00"
"outputs\transfer_sutl_norm20_seed44\indy_20160622_01_to_indy_20160630_01\top64\source_pretrain\stage_summary.json","290","2026-08-12T19:08:27.8618589+09:00"
"outputs\transfer_sutl_norm20_seed44\indy_20160622_01_to_indy_20160630_01\top64\source_pretrain\training_history.csv","5825","2026-08-12T19:08:27.8538592+09:00"
"outputs\transfer_sutl_norm20_seed44\indy_20160622_01_to_indy_20160630_01\top64\source_pretrain\training_history_in_progress.csv","5825","2026-08-12T19:08:27.8183062+09:00"
"outputs\transfer_sutl_norm20_seed44\indy_20160622_01_to_indy_20160630_01\top64\target_finetune\best_model.pt","91194","2026-08-12T19:24:51.9394841+09:00"
"outputs\transfer_sutl_norm20_seed44\indy_20160622_01_to_indy_20160630_01\top64\target_finetune\best_model_in_progress.pt","91482","2026-08-12T19:21:29.7412327+09:00"
"outputs\transfer_sutl_norm20_seed44\indy_20160622_01_to_indy_20160630_01\top64\target_finetune\last_checkpoint.pt","360538","2026-08-12T19:24:51.9108839+09:00"
"outputs\transfer_sutl_norm20_seed44\indy_20160622_01_to_indy_20160630_01\top64\target_finetune\progress.json","484","2026-08-12T19:24:51.9159013+09:00"
"outputs\transfer_sutl_norm20_seed44\indy_20160622_01_to_indy_20160630_01\top64\target_finetune\stage_summary.json","288","2026-08-12T19:24:51.9432460+09:00"
"outputs\transfer_sutl_norm20_seed44\indy_20160622_01_to_indy_20160630_01\top64\target_finetune\training_history.csv","5395","2026-08-12T19:24:51.9354509+09:00"
"outputs\transfer_sutl_norm20_seed44\indy_20160622_01_to_indy_20160630_01\top64\target_finetune\training_history_in_progress.csv","5395","2026-08-12T19:24:51.9021740+09:00"
"outputs\transfer_sutl_norm20_seed44\indy_20160622_01_to_indy_20160630_01\top64\target_scratch_test_metrics_continuous.csv","202","2026-08-12T20:09:26.9486195+09:00"
"outputs\transfer_sutl_norm20_seed44\indy_20160622_01_to_indy_20160630_01\top64\target_scratch\best_model.pt","91194","2026-08-12T19:58:19.3071368+09:00"
"outputs\transfer_sutl_norm20_seed44\indy_20160622_01_to_indy_20160630_01\top64\target_scratch\best_model_in_progress.pt","91482","2026-08-12T19:56:19.3753496+09:00"
"outputs\transfer_sutl_norm20_seed44\indy_20160622_01_to_indy_20160630_01\top64\target_scratch\last_checkpoint.pt","365786","2026-08-12T19:58:19.2892828+09:00"
"outputs\transfer_sutl_norm20_seed44\indy_20160622_01_to_indy_20160630_01\top64\target_scratch\progress.json","485","2026-08-12T19:58:19.2933051+09:00"
"outputs\transfer_sutl_norm20_seed44\indy_20160622_01_to_indy_20160630_01\top64\target_scratch\stage_summary.json","305","2026-08-12T19:58:19.3124288+09:00"
"outputs\transfer_sutl_norm20_seed44\indy_20160622_01_to_indy_20160630_01\top64\target_scratch\training_history.csv","10741","2026-08-12T19:58:19.3031124+09:00"
"outputs\transfer_sutl_norm20_seed44\indy_20160622_01_to_indy_20160630_01\top64\target_scratch\training_history_in_progress.csv","10741","2026-08-12T19:58:19.2794787+09:00"
"outputs\transfer_sutl_norm20_seed44\indy_20160622_01_to_indy_20160630_01\top64\test_metrics_continuous.csv","201","2026-08-12T20:09:26.9452966+09:00"
"outputs\transfer_sutl_norm20_seed44\indy_20160622_01_to_indy_20160630_01\top64\test_metrics_per_window.csv","4602","2026-08-12T20:09:26.9510267+09:00"
"outputs\transfer_sutl_norm20_seed44\indy_20160622_01_to_indy_20160630_01\top64\test_predictions.npz","8175989","2026-08-12T20:09:28.1728511+09:00"
"outputs\transfer_sutl_norm20_seed44\indy_20160622_01_to_indy_20160630_01\top64\validation_metrics_continuous.csv","203","2026-08-12T20:09:26.9432880+09:00"
"outputs\transfer_sutl_norm20_seed44\indy_20170124_01_to_indy_20170127_03\top64\best_model.pt","94906","2026-08-12T23:36:14.6980562+09:00"
"outputs\transfer_sutl_norm20_seed44\indy_20170124_01_to_indy_20170127_03\top64\channel_mask.json","3935","2026-08-12T20:10:05.5378911+09:00"
"outputs\transfer_sutl_norm20_seed44\indy_20170124_01_to_indy_20170127_03\top64\channel_ranking.csv","32579","2026-08-12T20:10:05.5259965+09:00"
"outputs\transfer_sutl_norm20_seed44\indy_20170124_01_to_indy_20170127_03\top64\channel_ranking.png","80615","2026-08-12T20:10:07.0405523+09:00"
"outputs\transfer_sutl_norm20_seed44\indy_20170124_01_to_indy_20170127_03\top64\channel_redundancy.npy","73856","2026-08-12T20:10:05.5358707+09:00"
"outputs\transfer_sutl_norm20_seed44\indy_20170124_01_to_indy_20170127_03\top64\progress.json","6727","2026-08-12T23:36:14.7250932+09:00"
"outputs\transfer_sutl_norm20_seed44\indy_20170124_01_to_indy_20170127_03\top64\protocol.json","3232","2026-08-12T20:10:05.5149984+09:00"
"outputs\transfer_sutl_norm20_seed44\indy_20170124_01_to_indy_20170127_03\top64\run_summary.json","6727","2026-08-12T23:36:14.7193617+09:00"
"outputs\transfer_sutl_norm20_seed44\indy_20170124_01_to_indy_20170127_03\top64\source_only_target_test_metrics_continuous.csv","215","2026-08-12T23:36:14.2111453+09:00"
"outputs\transfer_sutl_norm20_seed44\indy_20170124_01_to_indy_20170127_03\top64\source_pretrain\best_model.pt","91194","2026-08-12T22:34:21.2349192+09:00"
"outputs\transfer_sutl_norm20_seed44\indy_20170124_01_to_indy_20170127_03\top64\source_pretrain\best_model_in_progress.pt","91482","2026-08-12T22:14:52.0940159+09:00"
"outputs\transfer_sutl_norm20_seed44\indy_20170124_01_to_indy_20170127_03\top64\source_pretrain\last_checkpoint.pt","363098","2026-08-12T22:34:21.2069080+09:00"
"outputs\transfer_sutl_norm20_seed44\indy_20170124_01_to_indy_20170127_03\top64\source_pretrain\progress.json","484","2026-08-12T22:34:21.2119098+09:00"
"outputs\transfer_sutl_norm20_seed44\indy_20170124_01_to_indy_20170127_03\top64\source_pretrain\stage_summary.json","289","2026-08-12T22:34:21.2369334+09:00"
"outputs\transfer_sutl_norm20_seed44\indy_20170124_01_to_indy_20170127_03\top64\source_pretrain\training_history.csv","8076","2026-08-12T22:34:21.2287193+09:00"
"outputs\transfer_sutl_norm20_seed44\indy_20170124_01_to_indy_20170127_03\top64\source_pretrain\training_history_in_progress.csv","8076","2026-08-12T22:34:21.1979085+09:00"
"outputs\transfer_sutl_norm20_seed44\indy_20170124_01_to_indy_20170127_03\top64\target_finetune\best_model.pt","91194","2026-08-12T23:07:43.9155417+09:00"
"outputs\transfer_sutl_norm20_seed44\indy_20170124_01_to_indy_20170127_03\top64\target_finetune\best_model_in_progress.pt","91482","2026-08-12T23:06:24.1048430+09:00"
"outputs\transfer_sutl_norm20_seed44\indy_20170124_01_to_indy_20170127_03\top64\target_finetune\last_checkpoint.pt","365786","2026-08-12T23:07:43.8865598+09:00"
"outputs\transfer_sutl_norm20_seed44\indy_20170124_01_to_indy_20170127_03\top64\target_finetune\progress.json","488","2026-08-12T23:07:43.8915606+09:00"
"outputs\transfer_sutl_norm20_seed44\indy_20170124_01_to_indy_20170127_03\top64\target_finetune\stage_summary.json","289","2026-08-12T23:07:43.9195477+09:00"
"outputs\transfer_sutl_norm20_seed44\indy_20170124_01_to_indy_20170127_03\top64\target_finetune\training_history.csv","10961","2026-08-12T23:07:43.9115418+09:00"
"outputs\transfer_sutl_norm20_seed44\indy_20170124_01_to_indy_20170127_03\top64\target_finetune\training_history_in_progress.csv","10961","2026-08-12T23:07:43.8715601+09:00"
"outputs\transfer_sutl_norm20_seed44\indy_20170124_01_to_indy_20170127_03\top64\target_scratch_test_metrics_continuous.csv","210","2026-08-12T23:36:14.2189795+09:00"
"outputs\transfer_sutl_norm20_seed44\indy_20170124_01_to_indy_20170127_03\top64\target_scratch\best_model.pt","91194","2026-08-12T23:31:24.3733084+09:00"
"outputs\transfer_sutl_norm20_seed44\indy_20170124_01_to_indy_20170127_03\top64\target_scratch\best_model_in_progress.pt","91482","2026-08-12T23:28:03.5765668+09:00"
"outputs\transfer_sutl_norm20_seed44\indy_20170124_01_to_indy_20170127_03\top64\target_scratch\last_checkpoint.pt","362778","2026-08-12T23:31:24.3483700+09:00"
"outputs\transfer_sutl_norm20_seed44\indy_20170124_01_to_indy_20170127_03\top64\target_scratch\progress.json","483","2026-08-12T23:31:24.3523971+09:00"
"outputs\transfer_sutl_norm20_seed44\indy_20170124_01_to_indy_20170127_03\top64\target_scratch\stage_summary.json","305","2026-08-12T23:31:24.3773265+09:00"
"outputs\transfer_sutl_norm20_seed44\indy_20170124_01_to_indy_20170127_03\top64\target_scratch\training_history.csv","7709","2026-08-12T23:31:24.3692861+09:00"
"outputs\transfer_sutl_norm20_seed44\indy_20170124_01_to_indy_20170127_03\top64\target_scratch\training_history_in_progress.csv","7709","2026-08-12T23:31:24.3403221+09:00"
"outputs\transfer_sutl_norm20_seed44\indy_20170124_01_to_indy_20170127_03\top64\test_metrics_continuous.csv","200","2026-08-12T23:36:14.2111453+09:00"
"outputs\transfer_sutl_norm20_seed44\indy_20170124_01_to_indy_20170127_03\top64\test_metrics_per_window.csv","2598","2026-08-12T23:36:14.2189795+09:00"
"outputs\transfer_sutl_norm20_seed44\indy_20170124_01_to_indy_20170127_03\top64\test_predictions.npz","3599359","2026-08-12T23:36:14.6910560+09:00"
"outputs\transfer_sutl_norm20_seed44\indy_20170124_01_to_indy_20170127_03\top64\validation_metrics_continuous.csv","201","2026-08-12T23:36:14.2111453+09:00"
"outputs\transfer_sutl_norm20_seed44\indy_20170127_03_to_indy_20170131_02\top64\best_model.pt","94906","2026-08-13T02:26:56.3590959+09:00"
"outputs\transfer_sutl_norm20_seed44\indy_20170127_03_to_indy_20170131_02\top64\channel_mask.json","3939","2026-08-13T02:22:42.2337247+09:00"
"outputs\transfer_sutl_norm20_seed44\indy_20170127_03_to_indy_20170131_02\top64\channel_ranking.csv","32627","2026-08-13T02:22:42.2337247+09:00"
"outputs\transfer_sutl_norm20_seed44\indy_20170127_03_to_indy_20170131_02\top64\channel_ranking.png","80598","2026-08-13T02:22:43.3293289+09:00"
"outputs\transfer_sutl_norm20_seed44\indy_20170127_03_to_indy_20170131_02\top64\channel_redundancy.npy","73856","2026-08-13T02:22:42.2337247+09:00"
"outputs\transfer_sutl_norm20_seed44\indy_20170127_03_to_indy_20170131_02\top64\progress.json","6711","2026-08-13T02:26:56.4250252+09:00"
"outputs\transfer_sutl_norm20_seed44\indy_20170127_03_to_indy_20170131_02\top64\protocol.json","3231","2026-08-13T02:22:42.2166235+09:00"
"outputs\transfer_sutl_norm20_seed44\indy_20170127_03_to_indy_20170131_02\top64\run_summary.json","6711","2026-08-13T02:26:56.4210264+09:00"
"outputs\transfer_sutl_norm20_seed44\indy_20170127_03_to_indy_20170131_02\top64\source_only_target_test_metrics_continuous.csv","196","2026-08-13T02:26:55.8999996+09:00"
"outputs\transfer_sutl_norm20_seed44\indy_20170127_03_to_indy_20170131_02\top64\source_pretrain\best_model.pt","91194","2026-08-13T01:42:40.3624409+09:00"
"outputs\transfer_sutl_norm20_seed44\indy_20170127_03_to_indy_20170131_02\top64\source_pretrain\best_model_in_progress.pt","91482","2026-08-13T01:18:53.7883795+09:00"
"outputs\transfer_sutl_norm20_seed44\indy_20170127_03_to_indy_20170131_02\top64\source_pretrain\last_checkpoint.pt","360922","2026-08-13T01:42:40.3359598+09:00"
"outputs\transfer_sutl_norm20_seed44\indy_20170127_03_to_indy_20170131_02\top64\source_pretrain\progress.json","485","2026-08-13T01:42:40.3399817+09:00"
"outputs\transfer_sutl_norm20_seed44\indy_20170127_03_to_indy_20170131_02\top64\source_pretrain\stage_summary.json","288","2026-08-13T01:42:40.3684609+09:00"
"outputs\transfer_sutl_norm20_seed44\indy_20170127_03_to_indy_20170131_02\top64\source_pretrain\training_history.csv","5790","2026-08-13T01:42:40.3552475+09:00"
"outputs\transfer_sutl_norm20_seed44\indy_20170127_03_to_indy_20170131_02\top64\source_pretrain\training_history_in_progress.csv","5790","2026-08-13T01:42:40.3261617+09:00"
"outputs\transfer_sutl_norm20_seed44\indy_20170127_03_to_indy_20170131_02\top64\target_finetune\best_model.pt","91194","2026-08-13T01:58:25.6315217+09:00"
"outputs\transfer_sutl_norm20_seed44\indy_20170127_03_to_indy_20170131_02\top64\target_finetune\best_model_in_progress.pt","91482","2026-08-13T01:55:05.4141670+09:00"
"outputs\transfer_sutl_norm20_seed44\indy_20170127_03_to_indy_20170131_02\top64\target_finetune\last_checkpoint.pt","360282","2026-08-13T01:58:25.6131993+09:00"
"outputs\transfer_sutl_norm20_seed44\indy_20170127_03_to_indy_20170131_02\top64\target_finetune\progress.json","483","2026-08-13T01:58:25.6172231+09:00"
"outputs\transfer_sutl_norm20_seed44\indy_20170127_03_to_indy_20170131_02\top64\target_finetune\stage_summary.json","288","2026-08-13T01:58:25.6335353+09:00"
"outputs\transfer_sutl_norm20_seed44\indy_20170127_03_to_indy_20170131_02\top64\target_finetune\training_history.csv","5141","2026-08-13T01:58:25.6270344+09:00"
"outputs\transfer_sutl_norm20_seed44\indy_20170127_03_to_indy_20170131_02\top64\target_finetune\training_history_in_progress.csv","5141","2026-08-13T01:58:25.6041337+09:00"
"outputs\transfer_sutl_norm20_seed44\indy_20170127_03_to_indy_20170131_02\top64\target_scratch_test_metrics_continuous.csv","206","2026-08-13T02:26:55.9019997+09:00"
"outputs\transfer_sutl_norm20_seed44\indy_20170127_03_to_indy_20170131_02\top64\target_scratch\best_model.pt","91194","2026-08-13T02:08:49.6626916+09:00"
"outputs\transfer_sutl_norm20_seed44\indy_20170127_03_to_indy_20170131_02\top64\target_scratch\best_model_in_progress.pt","91482","2026-08-13T02:05:28.5923937+09:00"
"outputs\transfer_sutl_norm20_seed44\indy_20170127_03_to_indy_20170131_02\top64\target_scratch\last_checkpoint.pt","358682","2026-08-13T02:08:49.6357181+09:00"
"outputs\transfer_sutl_norm20_seed44\indy_20170127_03_to_indy_20170131_02\top64\target_scratch\progress.json","481","2026-08-13T02:08:49.6397287+09:00"
"outputs\transfer_sutl_norm20_seed44\indy_20170127_03_to_indy_20170131_02\top64\target_scratch\stage_summary.json","303","2026-08-13T02:08:49.6667206+09:00"
"outputs\transfer_sutl_norm20_seed44\indy_20170127_03_to_indy_20170131_02\top64\target_scratch\training_history.csv","3383","2026-08-13T02:08:49.6586645+09:00"
"outputs\transfer_sutl_norm20_seed44\indy_20170127_03_to_indy_20170131_02\top64\target_scratch\training_history_in_progress.csv","3383","2026-08-13T02:08:49.6279518+09:00"
"outputs\transfer_sutl_norm20_seed44\indy_20170127_03_to_indy_20170131_02\top64\test_metrics_continuous.csv","200","2026-08-13T02:26:55.8989975+09:00"
"outputs\transfer_sutl_norm20_seed44\indy_20170127_03_to_indy_20170131_02\top64\test_metrics_per_window.csv","2881","2026-08-13T02:26:55.9039956+09:00"
"outputs\transfer_sutl_norm20_seed44\indy_20170127_03_to_indy_20170131_02\top64\test_predictions.npz","4165809","2026-08-13T02:26:56.3548583+09:00"
"outputs\transfer_sutl_norm20_seed44\indy_20170127_03_to_indy_20170131_02\top64\validation_metrics_continuous.csv","199","2026-08-13T02:26:55.8969967+09:00"
"outputs\transfer_sutl_norm20_seed44\resume_20260813_022205.stderr.log","0","2026-08-13T02:22:05.2921532+09:00"
"outputs\transfer_sutl_norm20_seed44\resume_20260813_022205.stdout.log","8314","2026-08-13T02:26:56.4280260+09:00"
"outputs\transfer_sutl_pilot_64ch\indy_20170124_01_to_indy_20170127_03\top64\best_model.pt","93946","2026-08-12T01:22:56.6899196+09:00"
"outputs\transfer_sutl_pilot_64ch\indy_20170124_01_to_indy_20170127_03\top64\channel_mask.json","3934","2026-08-12T01:02:43.3522301+09:00"
"outputs\transfer_sutl_pilot_64ch\indy_20170124_01_to_indy_20170127_03\top64\channel_ranking.csv","32548","2026-08-12T01:02:43.3492281+09:00"
"outputs\transfer_sutl_pilot_64ch\indy_20170124_01_to_indy_20170127_03\top64\channel_ranking.png","81794","2026-08-12T01:02:44.2151744+09:00"
"outputs\transfer_sutl_pilot_64ch\indy_20170124_01_to_indy_20170127_03\top64\channel_redundancy.npy","73856","2026-08-12T01:02:43.3512326+09:00"
"outputs\transfer_sutl_pilot_64ch\indy_20170124_01_to_indy_20170127_03\top64\progress.json","5057","2026-08-12T01:22:56.7389688+09:00"
"outputs\transfer_sutl_pilot_64ch\indy_20170124_01_to_indy_20170127_03\top64\protocol.json","2289","2026-08-12T01:02:43.3389224+09:00"
"outputs\transfer_sutl_pilot_64ch\indy_20170124_01_to_indy_20170127_03\top64\run_summary.json","5057","2026-08-12T01:22:56.7359689+09:00"
"outputs\transfer_sutl_pilot_64ch\indy_20170124_01_to_indy_20170127_03\top64\source_only_target_test_metrics_continuous.csv","210","2026-08-12T01:22:56.3306739+09:00"
"outputs\transfer_sutl_pilot_64ch\indy_20170124_01_to_indy_20170127_03\top64\source_pretrain\best_model.pt","91194","2026-08-12T01:17:03.2357402+09:00"
"outputs\transfer_sutl_pilot_64ch\indy_20170124_01_to_indy_20170127_03\top64\source_pretrain\best_model_in_progress.pt","91482","2026-08-12T01:15:37.5239528+09:00"
"outputs\transfer_sutl_pilot_64ch\indy_20170124_01_to_indy_20170127_03\top64\source_pretrain\last_checkpoint.pt","356506","2026-08-12T01:17:03.2240348+09:00"
"outputs\transfer_sutl_pilot_64ch\indy_20170124_01_to_indy_20170127_03\top64\source_pretrain\progress.json","475","2026-08-12T01:17:03.2265286+09:00"
"outputs\transfer_sutl_pilot_64ch\indy_20170124_01_to_indy_20170127_03\top64\source_pretrain\stage_summary.json","286","2026-08-12T01:17:03.2377397+09:00"
"outputs\transfer_sutl_pilot_64ch\indy_20170124_01_to_indy_20170127_03\top64\source_pretrain\training_history.csv","1123","2026-08-12T01:17:03.2327402+09:00"
"outputs\transfer_sutl_pilot_64ch\indy_20170124_01_to_indy_20170127_03\top64\source_pretrain\training_history_in_progress.csv","1123","2026-08-12T01:17:03.2180354+09:00"
"outputs\transfer_sutl_pilot_64ch\indy_20170124_01_to_indy_20170127_03\top64\target_finetune\best_model.pt","91194","2026-08-12T01:18:27.2986303+09:00"
"outputs\transfer_sutl_pilot_64ch\indy_20170124_01_to_indy_20170127_03\top64\target_finetune\best_model_in_progress.pt","91482","2026-08-12T01:18:27.2775788+09:00"
"outputs\transfer_sutl_pilot_64ch\indy_20170124_01_to_indy_20170127_03\top64\target_finetune\last_checkpoint.pt","356506","2026-08-12T01:18:27.2883461+09:00"
"outputs\transfer_sutl_pilot_64ch\indy_20170124_01_to_indy_20170127_03\top64\target_finetune\progress.json","464","2026-08-12T01:18:27.2912070+09:00"
"outputs\transfer_sutl_pilot_64ch\indy_20170124_01_to_indy_20170127_03\top64\target_finetune\stage_summary.json","281","2026-08-12T01:18:27.3010216+09:00"
"outputs\transfer_sutl_pilot_64ch\indy_20170124_01_to_indy_20170127_03\top64\target_finetune\training_history.csv","1094","2026-08-12T01:18:27.2942942+09:00"
"outputs\transfer_sutl_pilot_64ch\indy_20170124_01_to_indy_20170127_03\top64\target_finetune\training_history_in_progress.csv","1094","2026-08-12T01:18:27.2817149+09:00"
"outputs\transfer_sutl_pilot_64ch\indy_20170124_01_to_indy_20170127_03\top64\target_scratch_test_metrics_continuous.csv","210","2026-08-12T01:22:56.3321305+09:00"
"outputs\transfer_sutl_pilot_64ch\indy_20170124_01_to_indy_20170127_03\top64\target_scratch\best_model.pt","91194","2026-08-12T01:19:51.0089311+09:00"
"outputs\transfer_sutl_pilot_64ch\indy_20170124_01_to_indy_20170127_03\top64\target_scratch\best_model_in_progress.pt","91482","2026-08-12T01:19:50.9792987+09:00"
"outputs\transfer_sutl_pilot_64ch\indy_20170124_01_to_indy_20170127_03\top64\target_scratch\last_checkpoint.pt","356506","2026-08-12T01:19:50.9896542+09:00"
"outputs\transfer_sutl_pilot_64ch\indy_20170124_01_to_indy_20170127_03\top64\target_scratch\progress.json","470","2026-08-12T01:19:50.9927184+09:00"
"outputs\transfer_sutl_pilot_64ch\indy_20170124_01_to_indy_20170127_03\top64\target_scratch\stage_summary.json","300","2026-08-12T01:19:51.0125135+09:00"
"outputs\transfer_sutl_pilot_64ch\indy_20170124_01_to_indy_20170127_03\top64\target_scratch\training_history.csv","1094","2026-08-12T01:19:51.0068949+09:00"
"outputs\transfer_sutl_pilot_64ch\indy_20170124_01_to_indy_20170127_03\top64\target_scratch\training_history_in_progress.csv","1094","2026-08-12T01:19:50.9836312+09:00"
"outputs\transfer_sutl_pilot_64ch\indy_20170124_01_to_indy_20170127_03\top64\test_metrics_continuous.csv","213","2026-08-12T01:22:56.3212395+09:00"
"outputs\transfer_sutl_pilot_64ch\indy_20170124_01_to_indy_20170127_03\top64\test_metrics_per_window.csv","2739","2026-08-12T01:22:56.3335484+09:00"
"outputs\transfer_sutl_pilot_64ch\indy_20170124_01_to_indy_20170127_03\top64\test_predictions.npz","3577450","2026-08-12T01:22:56.6781498+09:00"
"outputs\transfer_sutl_pilot_64ch\indy_20170124_01_to_indy_20170127_03\top64\validation_metrics_continuous.csv","213","2026-08-12T01:22:56.3192386+09:00"
"outputs\transfer_sutl_pilot_64ch\pairwise_mask_overlap.csv","2","2026-08-12T01:24:15.2652787+09:00"
"outputs\transfer_sutl_pilot_64ch\selection_summary.csv","614","2026-08-12T01:24:15.2542015+09:00"
"outputs\transfer_sutl_pilot_fair_scratch_64ch\indy_20170124_01_to_indy_20170127_03\top64\best_model.pt","94202","2026-08-12T01:45:09.1929721+09:00"
"outputs\transfer_sutl_pilot_fair_scratch_64ch\indy_20170124_01_to_indy_20170127_03\top64\channel_mask.json","3934","2026-08-12T01:27:47.1107273+09:00"
"outputs\transfer_sutl_pilot_fair_scratch_64ch\indy_20170124_01_to_indy_20170127_03\top64\channel_ranking.csv","32548","2026-08-12T01:27:47.1087167+09:00"
"outputs\transfer_sutl_pilot_fair_scratch_64ch\indy_20170124_01_to_indy_20170127_03\top64\channel_ranking.png","81794","2026-08-12T01:27:48.0105925+09:00"
"outputs\transfer_sutl_pilot_fair_scratch_64ch\indy_20170124_01_to_indy_20170127_03\top64\channel_redundancy.npy","73856","2026-08-12T01:27:47.1107273+09:00"
"outputs\transfer_sutl_pilot_fair_scratch_64ch\indy_20170124_01_to_indy_20170127_03\top64\progress.json","5165","2026-08-12T01:45:09.2105862+09:00"
"outputs\transfer_sutl_pilot_fair_scratch_64ch\indy_20170124_01_to_indy_20170127_03\top64\protocol.json","2381","2026-08-12T01:27:47.0997850+09:00"
"outputs\transfer_sutl_pilot_fair_scratch_64ch\indy_20170124_01_to_indy_20170127_03\top64\run_summary.json","5165","2026-08-12T01:45:09.2086906+09:00"
"outputs\transfer_sutl_pilot_fair_scratch_64ch\indy_20170124_01_to_indy_20170127_03\top64\source_only_target_test_metrics_continuous.csv","210","2026-08-12T01:45:08.8323175+09:00"
"outputs\transfer_sutl_pilot_fair_scratch_64ch\indy_20170124_01_to_indy_20170127_03\top64\source_pretrain\best_model.pt","91194","2026-08-12T01:17:03.2357402+09:00"
"outputs\transfer_sutl_pilot_fair_scratch_64ch\indy_20170124_01_to_indy_20170127_03\top64\source_pretrain\best_model_in_progress.pt","91482","2026-08-12T01:15:37.5239528+09:00"
"outputs\transfer_sutl_pilot_fair_scratch_64ch\indy_20170124_01_to_indy_20170127_03\top64\source_pretrain\last_checkpoint.pt","356506","2026-08-12T01:17:03.2240348+09:00"
"outputs\transfer_sutl_pilot_fair_scratch_64ch\indy_20170124_01_to_indy_20170127_03\top64\source_pretrain\progress.json","475","2026-08-12T01:17:03.2265286+09:00"
"outputs\transfer_sutl_pilot_fair_scratch_64ch\indy_20170124_01_to_indy_20170127_03\top64\source_pretrain\stage_summary.json","286","2026-08-12T01:17:03.2377397+09:00"
"outputs\transfer_sutl_pilot_fair_scratch_64ch\indy_20170124_01_to_indy_20170127_03\top64\source_pretrain\training_history.csv","1123","2026-08-12T01:17:03.2327402+09:00"
"outputs\transfer_sutl_pilot_fair_scratch_64ch\indy_20170124_01_to_indy_20170127_03\top64\source_pretrain\training_history_in_progress.csv","1123","2026-08-12T01:17:03.2180354+09:00"
"outputs\transfer_sutl_pilot_fair_scratch_64ch\indy_20170124_01_to_indy_20170127_03\top64\target_finetune\best_model.pt","91194","2026-08-12T01:18:27.2986303+09:00"
"outputs\transfer_sutl_pilot_fair_scratch_64ch\indy_20170124_01_to_indy_20170127_03\top64\target_finetune\best_model_in_progress.pt","91482","2026-08-12T01:18:27.2775788+09:00"
"outputs\transfer_sutl_pilot_fair_scratch_64ch\indy_20170124_01_to_indy_20170127_03\top64\target_finetune\last_checkpoint.pt","356506","2026-08-12T01:18:27.2883461+09:00"
"outputs\transfer_sutl_pilot_fair_scratch_64ch\indy_20170124_01_to_indy_20170127_03\top64\target_finetune\progress.json","464","2026-08-12T01:18:27.2912070+09:00"
"outputs\transfer_sutl_pilot_fair_scratch_64ch\indy_20170124_01_to_indy_20170127_03\top64\target_finetune\stage_summary.json","281","2026-08-12T01:18:27.3010216+09:00"
"outputs\transfer_sutl_pilot_fair_scratch_64ch\indy_20170124_01_to_indy_20170127_03\top64\target_finetune\training_history.csv","1094","2026-08-12T01:18:27.2942942+09:00"
"outputs\transfer_sutl_pilot_fair_scratch_64ch\indy_20170124_01_to_indy_20170127_03\top64\target_finetune\training_history_in_progress.csv","1094","2026-08-12T01:18:27.2817149+09:00"
"outputs\transfer_sutl_pilot_fair_scratch_64ch\indy_20170124_01_to_indy_20170127_03\top64\target_scratch_test_metrics_continuous.csv","201","2026-08-12T01:45:08.8336933+09:00"
"outputs\transfer_sutl_pilot_fair_scratch_64ch\indy_20170124_01_to_indy_20170127_03\top64\target_scratch\best_model.pt","91194","2026-08-12T01:42:02.0559783+09:00"
"outputs\transfer_sutl_pilot_fair_scratch_64ch\indy_20170124_01_to_indy_20170127_03\top64\target_scratch\best_model_in_progress.pt","91482","2026-08-12T01:41:10.8789112+09:00"
"outputs\transfer_sutl_pilot_fair_scratch_64ch\indy_20170124_01_to_indy_20170127_03\top64\target_scratch\last_checkpoint.pt","365786","2026-08-12T01:42:02.0433228+09:00"
"outputs\transfer_sutl_pilot_fair_scratch_64ch\indy_20170124_01_to_indy_20170127_03\top64\target_scratch\progress.json","481","2026-08-12T01:42:02.0462612+09:00"
"outputs\transfer_sutl_pilot_fair_scratch_64ch\indy_20170124_01_to_indy_20170127_03\top64\target_scratch\stage_summary.json","303","2026-08-12T01:42:02.0579787+09:00"
"outputs\transfer_sutl_pilot_fair_scratch_64ch\indy_20170124_01_to_indy_20170127_03\top64\target_scratch\training_history.csv","10337","2026-08-12T01:42:02.0525506+09:00"
"outputs\transfer_sutl_pilot_fair_scratch_64ch\indy_20170124_01_to_indy_20170127_03\top64\target_scratch\training_history_in_progress.csv","10337","2026-08-12T01:42:02.0351754+09:00"
"outputs\transfer_sutl_pilot_fair_scratch_64ch\indy_20170124_01_to_indy_20170127_03\top64\test_metrics_continuous.csv","213","2026-08-12T01:45:08.8313092+09:00"
"outputs\transfer_sutl_pilot_fair_scratch_64ch\indy_20170124_01_to_indy_20170127_03\top64\test_metrics_per_window.csv","2739","2026-08-12T01:45:08.8360278+09:00"
"outputs\transfer_sutl_pilot_fair_scratch_64ch\indy_20170124_01_to_indy_20170127_03\top64\test_predictions.npz","3577450","2026-08-12T01:45:09.1833279+09:00"
"outputs\transfer_sutl_pilot_fair_scratch_64ch\indy_20170124_01_to_indy_20170127_03\top64\validation_metrics_continuous.csv","213","2026-08-12T01:45:08.8290143+09:00"
"outputs\transfer_sutl_primary_ft1e3_64ch\indy_20170124_01_to_indy_20170127_03\top64\best_model.pt","94178","2026-08-12T02:41:39.1173205+09:00"
"outputs\transfer_sutl_primary_ft1e3_64ch\indy_20170124_01_to_indy_20170127_03\top64\channel_mask.json","3934","2026-08-12T02:34:28.6267820+09:00"
"outputs\transfer_sutl_primary_ft1e3_64ch\indy_20170124_01_to_indy_20170127_03\top64\channel_ranking.csv","32548","2026-08-12T02:34:28.6230816+09:00"
"outputs\transfer_sutl_primary_ft1e3_64ch\indy_20170124_01_to_indy_20170127_03\top64\channel_ranking.png","81794","2026-08-12T02:34:29.5293219+09:00"
"outputs\transfer_sutl_primary_ft1e3_64ch\indy_20170124_01_to_indy_20170127_03\top64\channel_redundancy.npy","73856","2026-08-12T02:34:28.6230816+09:00"
"outputs\transfer_sutl_primary_ft1e3_64ch\indy_20170124_01_to_indy_20170127_03\top64\progress.json","5154","2026-08-12T02:41:39.1359684+09:00"
"outputs\transfer_sutl_primary_ft1e3_64ch\indy_20170124_01_to_indy_20170127_03\top64\protocol.json","2377","2026-08-12T02:34:28.6166748+09:00"
"outputs\transfer_sutl_primary_ft1e3_64ch\indy_20170124_01_to_indy_20170127_03\top64\run_summary.json","5154","2026-08-12T02:41:39.1321174+09:00"
"outputs\transfer_sutl_primary_ft1e3_64ch\indy_20170124_01_to_indy_20170127_03\top64\source_only_target_test_metrics_continuous.csv","213","2026-08-12T02:41:38.7520681+09:00"
"outputs\transfer_sutl_primary_ft1e3_64ch\indy_20170124_01_to_indy_20170127_03\top64\source_pretrain\best_model.pt","91194","2026-08-12T02:26:27.6596748+09:00"
"outputs\transfer_sutl_primary_ft1e3_64ch\indy_20170124_01_to_indy_20170127_03\top64\source_pretrain\best_model_in_progress.pt","91482","2026-08-12T02:11:59.7548616+09:00"
"outputs\transfer_sutl_primary_ft1e3_64ch\indy_20170124_01_to_indy_20170127_03\top64\source_pretrain\last_checkpoint.pt","359578","2026-08-12T02:26:27.6456814+09:00"
"outputs\transfer_sutl_primary_ft1e3_64ch\indy_20170124_01_to_indy_20170127_03\top64\source_pretrain\progress.json","481","2026-08-12T02:26:27.6456814+09:00"
"outputs\transfer_sutl_primary_ft1e3_64ch\indy_20170124_01_to_indy_20170127_03\top64\source_pretrain\stage_summary.json","288","2026-08-12T02:26:27.6625817+09:00"
"outputs\transfer_sutl_primary_ft1e3_64ch\indy_20170124_01_to_indy_20170127_03\top64\source_pretrain\training_history.csv","4114","2026-08-12T02:26:27.6577767+09:00"
"outputs\transfer_sutl_primary_ft1e3_64ch\indy_20170124_01_to_indy_20170127_03\top64\source_pretrain\training_history_in_progress.csv","4114","2026-08-12T02:26:27.6359262+09:00"
"outputs\transfer_sutl_primary_ft1e3_64ch\indy_20170124_01_to_indy_20170127_03\top64\target_finetune\best_model.pt","91170","2026-08-12T02:38:29.5238986+09:00"
"outputs\transfer_sutl_primary_ft1e3_64ch\indy_20170124_01_to_indy_20170127_03\top64\target_finetune\best_model_in_progress.pt","91458","2026-08-12T02:37:04.3783989+09:00"
"outputs\transfer_sutl_primary_ft1e3_64ch\indy_20170124_01_to_indy_20170127_03\top64\target_finetune\last_checkpoint.pt","358294","2026-08-12T02:38:29.5136601+09:00"
"outputs\transfer_sutl_primary_ft1e3_64ch\indy_20170124_01_to_indy_20170127_03\top64\target_finetune\progress.json","469","2026-08-12T02:38:29.5166597+09:00"
"outputs\transfer_sutl_primary_ft1e3_64ch\indy_20170124_01_to_indy_20170127_03\top64\target_finetune\stage_summary.json","286","2026-08-12T02:38:29.5268972+09:00"
"outputs\transfer_sutl_primary_ft1e3_64ch\indy_20170124_01_to_indy_20170127_03\top64\target_finetune\training_history.csv","2927","2026-08-12T02:38:29.5208984+09:00"
"outputs\transfer_sutl_primary_ft1e3_64ch\indy_20170124_01_to_indy_20170127_03\top64\target_finetune\training_history_in_progress.csv","2927","2026-08-12T02:38:29.5076597+09:00"
"outputs\transfer_sutl_primary_ft1e3_64ch\indy_20170124_01_to_indy_20170127_03\top64\target_scratch_test_metrics_continuous.csv","201","2026-08-12T02:41:38.7530700+09:00"
"outputs\transfer_sutl_primary_ft1e3_64ch\indy_20170124_01_to_indy_20170127_03\top64\target_scratch\best_model.pt","91194","2026-08-12T01:42:02.0559783+09:00"
"outputs\transfer_sutl_primary_ft1e3_64ch\indy_20170124_01_to_indy_20170127_03\top64\target_scratch\best_model_in_progress.pt","91482","2026-08-12T01:41:10.8789112+09:00"
"outputs\transfer_sutl_primary_ft1e3_64ch\indy_20170124_01_to_indy_20170127_03\top64\target_scratch\last_checkpoint.pt","365786","2026-08-12T01:42:02.0433228+09:00"
"outputs\transfer_sutl_primary_ft1e3_64ch\indy_20170124_01_to_indy_20170127_03\top64\target_scratch\progress.json","481","2026-08-12T01:42:02.0462612+09:00"
"outputs\transfer_sutl_primary_ft1e3_64ch\indy_20170124_01_to_indy_20170127_03\top64\target_scratch\stage_summary.json","303","2026-08-12T01:42:02.0579787+09:00"
"outputs\transfer_sutl_primary_ft1e3_64ch\indy_20170124_01_to_indy_20170127_03\top64\target_scratch\training_history.csv","10337","2026-08-12T01:42:02.0525506+09:00"
"outputs\transfer_sutl_primary_ft1e3_64ch\indy_20170124_01_to_indy_20170127_03\top64\target_scratch\training_history_in_progress.csv","10337","2026-08-12T01:42:02.0351754+09:00"
"outputs\transfer_sutl_primary_ft1e3_64ch\indy_20170124_01_to_indy_20170127_03\top64\test_metrics_continuous.csv","203","2026-08-12T02:41:38.7510662+09:00"
"outputs\transfer_sutl_primary_ft1e3_64ch\indy_20170124_01_to_indy_20170127_03\top64\test_metrics_per_window.csv","2651","2026-08-12T02:41:38.7658347+09:00"
"outputs\transfer_sutl_primary_ft1e3_64ch\indy_20170124_01_to_indy_20170127_03\top64\test_predictions.npz","3579276","2026-08-12T02:41:39.1143228+09:00"
"outputs\transfer_sutl_primary_ft1e3_64ch\indy_20170124_01_to_indy_20170127_03\top64\validation_metrics_continuous.csv","203","2026-08-12T02:41:38.7500688+09:00"
"outputs\transfer_sutl_primary_ft1e3_64ch\pairwise_mask_overlap.csv","2","2026-08-12T02:42:10.3961137+09:00"
"outputs\transfer_sutl_primary_ft1e3_64ch\selection_summary.csv","609","2026-08-12T02:42:10.3938805+09:00"
"outputs\transfer_sutl_primary_full_64ch\indy_20170124_01_to_indy_20170127_03\top64\best_model.pt","94202","2026-08-12T02:33:53.0290397+09:00"
"outputs\transfer_sutl_primary_full_64ch\indy_20170124_01_to_indy_20170127_03\top64\channel_mask.json","3934","2026-08-12T01:45:52.0096237+09:00"
"outputs\transfer_sutl_primary_full_64ch\indy_20170124_01_to_indy_20170127_03\top64\channel_ranking.csv","32548","2026-08-12T01:45:52.0054971+09:00"
"outputs\transfer_sutl_primary_full_64ch\indy_20170124_01_to_indy_20170127_03\top64\channel_ranking.png","81794","2026-08-12T01:45:52.9176189+09:00"
"outputs\transfer_sutl_primary_full_64ch\indy_20170124_01_to_indy_20170127_03\top64\channel_redundancy.npy","73856","2026-08-12T01:45:52.0075086+09:00"
"outputs\transfer_sutl_primary_full_64ch\indy_20170124_01_to_indy_20170127_03\top64\progress.json","5157","2026-08-12T02:33:53.0477590+09:00"
"outputs\transfer_sutl_primary_full_64ch\indy_20170124_01_to_indy_20170127_03\top64\protocol.json","2376","2026-08-12T01:45:51.9975919+09:00"
"outputs\transfer_sutl_primary_full_64ch\indy_20170124_01_to_indy_20170127_03\top64\run_summary.json","5157","2026-08-12T02:33:53.0457593+09:00"
"outputs\transfer_sutl_primary_full_64ch\indy_20170124_01_to_indy_20170127_03\top64\source_only_target_test_metrics_continuous.csv","213","2026-08-12T02:33:52.6627866+09:00"
"outputs\transfer_sutl_primary_full_64ch\indy_20170124_01_to_indy_20170127_03\top64\source_pretrain\best_model.pt","91194","2026-08-12T02:26:27.6596748+09:00"
"outputs\transfer_sutl_primary_full_64ch\indy_20170124_01_to_indy_20170127_03\top64\source_pretrain\best_model_in_progress.pt","91482","2026-08-12T02:11:59.7548616+09:00"
"outputs\transfer_sutl_primary_full_64ch\indy_20170124_01_to_indy_20170127_03\top64\source_pretrain\last_checkpoint.pt","359578","2026-08-12T02:26:27.6456814+09:00"
"outputs\transfer_sutl_primary_full_64ch\indy_20170124_01_to_indy_20170127_03\top64\source_pretrain\progress.json","481","2026-08-12T02:26:27.6456814+09:00"
"outputs\transfer_sutl_primary_full_64ch\indy_20170124_01_to_indy_20170127_03\top64\source_pretrain\stage_summary.json","288","2026-08-12T02:26:27.6625817+09:00"
"outputs\transfer_sutl_primary_full_64ch\indy_20170124_01_to_indy_20170127_03\top64\source_pretrain\training_history.csv","4114","2026-08-12T02:26:27.6577767+09:00"
"outputs\transfer_sutl_primary_full_64ch\indy_20170124_01_to_indy_20170127_03\top64\source_pretrain\training_history_in_progress.csv","4114","2026-08-12T02:26:27.6359262+09:00"
"outputs\transfer_sutl_primary_full_64ch\indy_20170124_01_to_indy_20170127_03\top64\target_finetune\best_model.pt","91194","2026-08-12T02:30:42.4146784+09:00"
"outputs\transfer_sutl_primary_full_64ch\indy_20170124_01_to_indy_20170127_03\top64\target_finetune\best_model_in_progress.pt","91482","2026-08-12T02:30:42.3920895+09:00"
"outputs\transfer_sutl_primary_full_64ch\indy_20170124_01_to_indy_20170127_03\top64\target_finetune\last_checkpoint.pt","358554","2026-08-12T02:30:42.4023259+09:00"
"outputs\transfer_sutl_primary_full_64ch\indy_20170124_01_to_indy_20170127_03\top64\target_finetune\progress.json","471","2026-08-12T02:30:42.4043304+09:00"
"outputs\transfer_sutl_primary_full_64ch\indy_20170124_01_to_indy_20170127_03\top64\target_finetune\stage_summary.json","285","2026-08-12T02:30:42.4164713+09:00"
"outputs\transfer_sutl_primary_full_64ch\indy_20170124_01_to_indy_20170127_03\top64\target_finetune\training_history.csv","3122","2026-08-12T02:30:42.4112469+09:00"
"outputs\transfer_sutl_primary_full_64ch\indy_20170124_01_to_indy_20170127_03\top64\target_finetune\training_history_in_progress.csv","3122","2026-08-12T02:30:42.3959919+09:00"
"outputs\transfer_sutl_primary_full_64ch\indy_20170124_01_to_indy_20170127_03\top64\target_scratch_test_metrics_continuous.csv","201","2026-08-12T02:33:52.6637842+09:00"
"outputs\transfer_sutl_primary_full_64ch\indy_20170124_01_to_indy_20170127_03\top64\target_scratch\best_model.pt","91194","2026-08-12T01:42:02.0559783+09:00"
"outputs\transfer_sutl_primary_full_64ch\indy_20170124_01_to_indy_20170127_03\top64\target_scratch\best_model_in_progress.pt","91482","2026-08-12T01:41:10.8789112+09:00"
"outputs\transfer_sutl_primary_full_64ch\indy_20170124_01_to_indy_20170127_03\top64\target_scratch\last_checkpoint.pt","365786","2026-08-12T01:42:02.0433228+09:00"
"outputs\transfer_sutl_primary_full_64ch\indy_20170124_01_to_indy_20170127_03\top64\target_scratch\progress.json","481","2026-08-12T01:42:02.0462612+09:00"
"outputs\transfer_sutl_primary_full_64ch\indy_20170124_01_to_indy_20170127_03\top64\target_scratch\stage_summary.json","303","2026-08-12T01:42:02.0579787+09:00"
"outputs\transfer_sutl_primary_full_64ch\indy_20170124_01_to_indy_20170127_03\top64\target_scratch\training_history.csv","10337","2026-08-12T01:42:02.0525506+09:00"
"outputs\transfer_sutl_primary_full_64ch\indy_20170124_01_to_indy_20170127_03\top64\target_scratch\training_history_in_progress.csv","10337","2026-08-12T01:42:02.0351754+09:00"
"outputs\transfer_sutl_primary_full_64ch\indy_20170124_01_to_indy_20170127_03\top64\test_metrics_continuous.csv","207","2026-08-12T02:33:52.6613407+09:00"
"outputs\transfer_sutl_primary_full_64ch\indy_20170124_01_to_indy_20170127_03\top64\test_metrics_per_window.csv","2705","2026-08-12T02:33:52.6663117+09:00"
"outputs\transfer_sutl_primary_full_64ch\indy_20170124_01_to_indy_20170127_03\top64\test_predictions.npz","3582588","2026-08-12T02:33:53.0250409+09:00"
"outputs\transfer_sutl_primary_full_64ch\indy_20170124_01_to_indy_20170127_03\top64\validation_metrics_continuous.csv","205","2026-08-12T02:33:52.6601707+09:00"
"outputs\transfer_sutl_primary_full_64ch\pairwise_mask_overlap.csv","2","2026-08-12T02:42:09.1915822+09:00"
"outputs\transfer_sutl_primary_full_64ch\selection_summary.csv","611","2026-08-12T02:42:09.1815900+09:00"
"outputs\transfer_sutl_smoke_control\_smoke\indy_20170124_01_to_indy_20170127_03\top64\best_model.pt","93946","2026-08-12T00:58:02.1850665+09:00"
"outputs\transfer_sutl_smoke_control\_smoke\indy_20170124_01_to_indy_20170127_03\top64\channel_mask.json","3934","2026-08-12T00:57:52.8253614+09:00"
"outputs\transfer_sutl_smoke_control\_smoke\indy_20170124_01_to_indy_20170127_03\top64\channel_ranking.csv","32390","2026-08-12T00:57:52.8218631+09:00"
"outputs\transfer_sutl_smoke_control\_smoke\indy_20170124_01_to_indy_20170127_03\top64\channel_ranking.png","85081","2026-08-12T00:57:53.7674697+09:00"
"outputs\transfer_sutl_smoke_control\_smoke\indy_20170124_01_to_indy_20170127_03\top64\channel_redundancy.npy","73856","2026-08-12T00:57:52.8238623+09:00"
"outputs\transfer_sutl_smoke_control\_smoke\indy_20170124_01_to_indy_20170127_03\top64\progress.json","4593","2026-08-12T00:58:02.1945638+09:00"
"outputs\transfer_sutl_smoke_control\_smoke\indy_20170124_01_to_indy_20170127_03\top64\protocol.json","2287","2026-08-12T00:57:52.8113409+09:00"
"outputs\transfer_sutl_smoke_control\_smoke\indy_20170124_01_to_indy_20170127_03\top64\run_summary.json","4593","2026-08-12T00:58:02.1915657+09:00"
"outputs\transfer_sutl_smoke_control\_smoke\indy_20170124_01_to_indy_20170127_03\top64\source_only_target_test_metrics_continuous.csv","205","2026-08-12T00:58:02.1750570+09:00"
"outputs\transfer_sutl_smoke_control\_smoke\indy_20170124_01_to_indy_20170127_03\top64\source_pretrain\best_model.pt","91194","2026-08-12T00:57:58.1319751+09:00"
"outputs\transfer_sutl_smoke_control\_smoke\indy_20170124_01_to_indy_20170127_03\top64\source_pretrain\best_model_in_progress.pt","91482","2026-08-12T00:57:57.1040313+09:00"
"outputs\transfer_sutl_smoke_control\_smoke\indy_20170124_01_to_indy_20170127_03\top64\source_pretrain\last_checkpoint.pt","355674","2026-08-12T00:57:58.1188844+09:00"
"outputs\transfer_sutl_smoke_control\_smoke\indy_20170124_01_to_indy_20170127_03\top64\source_pretrain\progress.json","476","2026-08-12T00:57:58.1224077+09:00"
"outputs\transfer_sutl_smoke_control\_smoke\indy_20170124_01_to_indy_20170127_03\top64\source_pretrain\stage_summary.json","287","2026-08-12T00:57:58.1355066+09:00"
"outputs\transfer_sutl_smoke_control\_smoke\indy_20170124_01_to_indy_20170127_03\top64\source_pretrain\training_history.csv","295","2026-08-12T00:57:58.1289543+09:00"
"outputs\transfer_sutl_smoke_control\_smoke\indy_20170124_01_to_indy_20170127_03\top64\source_pretrain\training_history_in_progress.csv","295","2026-08-12T00:57:58.1113084+09:00"
"outputs\transfer_sutl_smoke_control\_smoke\indy_20170124_01_to_indy_20170127_03\top64\target_finetune\best_model.pt","91194","2026-08-12T00:57:59.3349368+09:00"
"outputs\transfer_sutl_smoke_control\_smoke\indy_20170124_01_to_indy_20170127_03\top64\target_finetune\best_model_in_progress.pt","91482","2026-08-12T00:57:58.7454075+09:00"
"outputs\transfer_sutl_smoke_control\_smoke\indy_20170124_01_to_indy_20170127_03\top64\target_finetune\last_checkpoint.pt","355674","2026-08-12T00:57:59.3249311+09:00"
"outputs\transfer_sutl_smoke_control\_smoke\indy_20170124_01_to_indy_20170127_03\top64\target_finetune\progress.json","476","2026-08-12T00:57:59.3279323+09:00"
"outputs\transfer_sutl_smoke_control\_smoke\indy_20170124_01_to_indy_20170127_03\top64\target_finetune\stage_summary.json","287","2026-08-12T00:57:59.3369420+09:00"
"outputs\transfer_sutl_smoke_control\_smoke\indy_20170124_01_to_indy_20170127_03\top64\target_finetune\training_history.csv","295","2026-08-12T00:57:59.3319302+09:00"
"outputs\transfer_sutl_smoke_control\_smoke\indy_20170124_01_to_indy_20170127_03\top64\target_finetune\training_history_in_progress.csv","295","2026-08-12T00:57:59.3194121+09:00"
"outputs\transfer_sutl_smoke_control\_smoke\indy_20170124_01_to_indy_20170127_03\top64\target_scratch_test_metrics_continuous.csv","209","2026-08-12T00:58:02.1765568+09:00"
"outputs\transfer_sutl_smoke_control\_smoke\indy_20170124_01_to_indy_20170127_03\top64\target_scratch\best_model.pt","91194","2026-08-12T00:58:00.5409139+09:00"
"outputs\transfer_sutl_smoke_control\_smoke\indy_20170124_01_to_indy_20170127_03\top64\target_scratch\best_model_in_progress.pt","91482","2026-08-12T00:57:59.9707440+09:00"
"outputs\transfer_sutl_smoke_control\_smoke\indy_20170124_01_to_indy_20170127_03\top64\target_scratch\last_checkpoint.pt","355674","2026-08-12T00:58:00.5298040+09:00"
"outputs\transfer_sutl_smoke_control\_smoke\indy_20170124_01_to_indy_20170127_03\top64\target_scratch\progress.json","474","2026-08-12T00:58:00.5328041+09:00"
"outputs\transfer_sutl_smoke_control\_smoke\indy_20170124_01_to_indy_20170127_03\top64\target_scratch\stage_summary.json","304","2026-08-12T00:58:00.5434141+09:00"
"outputs\transfer_sutl_smoke_control\_smoke\indy_20170124_01_to_indy_20170127_03\top64\target_scratch\training_history.csv","291","2026-08-12T00:58:00.5374153+09:00"
"outputs\transfer_sutl_smoke_control\_smoke\indy_20170124_01_to_indy_20170127_03\top64\target_scratch\training_history_in_progress.csv","291","2026-08-12T00:58:00.5237441+09:00"
"outputs\transfer_sutl_smoke_control\_smoke\indy_20170124_01_to_indy_20170127_03\top64\test_metrics_continuous.csv","207","2026-08-12T00:58:02.1740594+09:00"
"outputs\transfer_sutl_smoke_control\_smoke\indy_20170124_01_to_indy_20170127_03\top64\test_metrics_per_window.csv","290","2026-08-12T00:58:02.1780601+09:00"
"outputs\transfer_sutl_smoke_control\_smoke\indy_20170124_01_to_indy_20170127_03\top64\test_predictions.npz","35867","2026-08-12T00:58:02.1820574+09:00"
"outputs\transfer_sutl_smoke_control\_smoke\indy_20170124_01_to_indy_20170127_03\top64\validation_metrics_continuous.csv","204","2026-08-12T00:58:02.1715320+09:00"
"outputs\transfer_sutl_smoke_fair_scratch\_smoke\indy_20170124_01_to_indy_20170127_03\top64\best_model.pt","94202","2026-08-12T01:27:03.5196501+09:00"
"outputs\transfer_sutl_smoke_fair_scratch\_smoke\indy_20170124_01_to_indy_20170127_03\top64\channel_mask.json","3934","2026-08-12T01:26:55.7383299+09:00"
"outputs\transfer_sutl_smoke_fair_scratch\_smoke\indy_20170124_01_to_indy_20170127_03\top64\channel_ranking.csv","32390","2026-08-12T01:26:55.7353131+09:00"
"outputs\transfer_sutl_smoke_fair_scratch\_smoke\indy_20170124_01_to_indy_20170127_03\top64\channel_ranking.png","85081","2026-08-12T01:26:56.6220745+09:00"
"outputs\transfer_sutl_smoke_fair_scratch\_smoke\indy_20170124_01_to_indy_20170127_03\top64\channel_redundancy.npy","73856","2026-08-12T01:26:55.7373210+09:00"
"outputs\transfer_sutl_smoke_fair_scratch\_smoke\indy_20170124_01_to_indy_20170127_03\top64\progress.json","4768","2026-08-12T01:27:03.5270938+09:00"
"outputs\transfer_sutl_smoke_fair_scratch\_smoke\indy_20170124_01_to_indy_20170127_03\top64\protocol.json","2369","2026-08-12T01:26:55.7287213+09:00"
"outputs\transfer_sutl_smoke_fair_scratch\_smoke\indy_20170124_01_to_indy_20170127_03\top64\run_summary.json","4768","2026-08-12T01:27:03.5228011+09:00"
"outputs\transfer_sutl_smoke_fair_scratch\_smoke\indy_20170124_01_to_indy_20170127_03\top64\source_only_target_test_metrics_continuous.csv","205","2026-08-12T01:27:03.4988667+09:00"
"outputs\transfer_sutl_smoke_fair_scratch\_smoke\indy_20170124_01_to_indy_20170127_03\top64\source_pretrain\best_model.pt","91194","2026-08-12T01:26:59.8235786+09:00"
"outputs\transfer_sutl_smoke_fair_scratch\_smoke\indy_20170124_01_to_indy_20170127_03\top64\source_pretrain\best_model_in_progress.pt","91482","2026-08-12T01:26:45.1169966+09:00"
"outputs\transfer_sutl_smoke_fair_scratch\_smoke\indy_20170124_01_to_indy_20170127_03\top64\source_pretrain\last_checkpoint.pt","355866","2026-08-12T01:26:59.8115072+09:00"
"outputs\transfer_sutl_smoke_fair_scratch\_smoke\indy_20170124_01_to_indy_20170127_03\top64\source_pretrain\progress.json","475","2026-08-12T01:26:59.8145118+09:00"
"outputs\transfer_sutl_smoke_fair_scratch\_smoke\indy_20170124_01_to_indy_20170127_03\top64\source_pretrain\stage_summary.json","288","2026-08-12T01:26:59.8343828+09:00"
"outputs\transfer_sutl_smoke_fair_scratch\_smoke\indy_20170124_01_to_indy_20170127_03\top64\source_pretrain\training_history.csv","294","2026-08-12T01:26:59.8177561+09:00"
"outputs\transfer_sutl_smoke_fair_scratch\_smoke\indy_20170124_01_to_indy_20170127_03\top64\source_pretrain\training_history_in_progress.csv","294","2026-08-12T01:26:59.8045161+09:00"
"outputs\transfer_sutl_smoke_fair_scratch\_smoke\indy_20170124_01_to_indy_20170127_03\top64\target_finetune\best_model.pt","91194","2026-08-12T01:27:00.9105387+09:00"
"outputs\transfer_sutl_smoke_fair_scratch\_smoke\indy_20170124_01_to_indy_20170127_03\top64\target_finetune\best_model_in_progress.pt","91482","2026-08-12T01:27:00.3374993+09:00"
"outputs\transfer_sutl_smoke_fair_scratch\_smoke\indy_20170124_01_to_indy_20170127_03\top64\target_finetune\last_checkpoint.pt","355674","2026-08-12T01:27:00.9005390+09:00"
"outputs\transfer_sutl_smoke_fair_scratch\_smoke\indy_20170124_01_to_indy_20170127_03\top64\target_finetune\progress.json","476","2026-08-12T01:27:00.9035374+09:00"
"outputs\transfer_sutl_smoke_fair_scratch\_smoke\indy_20170124_01_to_indy_20170127_03\top64\target_finetune\stage_summary.json","288","2026-08-12T01:27:00.9226171+09:00"
"outputs\transfer_sutl_smoke_fair_scratch\_smoke\indy_20170124_01_to_indy_20170127_03\top64\target_finetune\training_history.csv","295","2026-08-12T01:27:00.9075328+09:00"
"outputs\transfer_sutl_smoke_fair_scratch\_smoke\indy_20170124_01_to_indy_20170127_03\top64\target_finetune\training_history_in_progress.csv","295","2026-08-12T01:27:00.8938786+09:00"
"outputs\transfer_sutl_smoke_fair_scratch\_smoke\indy_20170124_01_to_indy_20170127_03\top64\target_scratch_test_metrics_continuous.csv","207","2026-08-12T01:27:03.5099002+09:00"
"outputs\transfer_sutl_smoke_fair_scratch\_smoke\indy_20170124_01_to_indy_20170127_03\top64\target_scratch\best_model.pt","91194","2026-08-12T01:27:01.9750803+09:00"
"outputs\transfer_sutl_smoke_fair_scratch\_smoke\indy_20170124_01_to_indy_20170127_03\top64\target_scratch\best_model_in_progress.pt","91482","2026-08-12T01:27:01.4153104+09:00"
"outputs\transfer_sutl_smoke_fair_scratch\_smoke\indy_20170124_01_to_indy_20170127_03\top64\target_scratch\last_checkpoint.pt","355674","2026-08-12T01:27:01.9658444+09:00"
"outputs\transfer_sutl_smoke_fair_scratch\_smoke\indy_20170124_01_to_indy_20170127_03\top64\target_scratch\progress.json","477","2026-08-12T01:27:01.9678532+09:00"
"outputs\transfer_sutl_smoke_fair_scratch\_smoke\indy_20170124_01_to_indy_20170127_03\top64\target_scratch\stage_summary.json","303","2026-08-12T01:27:01.9795322+09:00"
"outputs\transfer_sutl_smoke_fair_scratch\_smoke\indy_20170124_01_to_indy_20170127_03\top64\target_scratch\training_history.csv","294","2026-08-12T01:27:01.9718685+09:00"
"outputs\transfer_sutl_smoke_fair_scratch\_smoke\indy_20170124_01_to_indy_20170127_03\top64\target_scratch\training_history_in_progress.csv","294","2026-08-12T01:27:01.9578719+09:00"
"outputs\transfer_sutl_smoke_fair_scratch\_smoke\indy_20170124_01_to_indy_20170127_03\top64\test_metrics_continuous.csv","207","2026-08-12T01:27:03.4988667+09:00"
"outputs\transfer_sutl_smoke_fair_scratch\_smoke\indy_20170124_01_to_indy_20170127_03\top64\test_metrics_per_window.csv","290","2026-08-12T01:27:03.5118498+09:00"
"outputs\transfer_sutl_smoke_fair_scratch\_smoke\indy_20170124_01_to_indy_20170127_03\top64\test_predictions.npz","35867","2026-08-12T01:27:03.5138154+09:00"
"outputs\transfer_sutl_smoke_fair_scratch\_smoke\indy_20170124_01_to_indy_20170127_03\top64\validation_metrics_continuous.csv","204","2026-08-12T01:27:03.4968569+09:00"
"PORTABLE_BUNDLE_KEY_CHECKSUMS.csv","2603","2026-08-13T10:21:45.4002242+09:00"
"pyproject.toml","675","2026-08-11T15:46:56.4854107+09:00"
"README.md","7153","2026-08-11T17:59:09.0705220+09:00"
"references\PAPER_LOCATION_KO.md","936","2026-08-13T10:18:40.3974986+09:00"
"results\figures\indy_20170127_03_top32_channel_ranking.png","93183","2026-08-06T01:30:14.5134304+09:00"
"results\figures\indy_20170127_03_top64_channel_ranking.png","93006","2026-08-05T23:37:49.9472164+09:00"
"results\figures\mixed_fixed_point_performance.png","142293","2026-08-11T17:58:33.9825146+09:00"
"results\figures\mixed_fixed_point_prediction_trace.png","327297","2026-08-11T17:58:34.5844894+09:00"
"results\fixed_point_layer_quantization.csv","3902","2026-08-11T17:58:33.2187783+09:00"
"results\fixed_point_prediction_agreement.csv","708","2026-08-11T17:58:33.2161706+09:00"
"results\fixed_point_summary.csv","1183","2026-08-11T17:58:33.2151666+09:00"
"results\README.md","4346","2026-08-11T17:59:40.1693853+09:00"
"results\sample\indy_20170127_03_top32_channel_mask.json","2598","2026-08-06T01:30:14.0525633+09:00"
"results\sample\indy_20170127_03_top32_protocol.json","2793","2026-08-11T16:02:05.6090821+09:00"
"results\sample\indy_20170127_03_top32_run_summary.json","5689","2026-08-11T16:02:05.6116521+09:00"
"results\summary.csv","2756","2026-08-06T14:31:44.3794016+09:00"
"results\transfer_sutl_norm20_multiseed\channel_stability.csv","254","2026-08-13T03:21:51.9310337+09:00"
"results\transfer_sutl_norm20_multiseed\convergence.csv","1052","2026-08-13T03:21:51.9310337+09:00"
"results\transfer_sutl_norm20_multiseed\convergence_summary.png","80255","2026-08-13T03:21:54.4415431+09:00"
"results\transfer_sutl_norm20_multiseed\metric_summary.csv","1265","2026-08-13T03:21:51.9310337+09:00"
"results\transfer_sutl_norm20_multiseed\raw_metrics.csv","4068","2026-08-13T03:21:51.9292228+09:00"
"results\transfer_sutl_norm20_multiseed\README.md","4327","2026-08-13T03:21:54.4622801+09:00"
"results\transfer_sutl_norm20_multiseed\transfer_effect_summary.csv","476","2026-08-13T03:21:51.9310337+09:00"
"results\transfer_sutl_norm20_multiseed\transfer_effect_summary.png","82886","2026-08-13T03:21:53.9662716+09:00"
"results\transfer_sutl_norm20_multiseed\transfer_effects_per_seed.csv","803","2026-08-13T03:21:51.9310337+09:00"
"scripts\__pycache__\run_experiment.cpython-311.pyc","38604","2026-08-13T10:20:17.9065446+09:00"
"scripts\__pycache__\summarize_transfer_adaptation_search.cpython-311.pyc","17041","2026-08-13T10:20:17.8537171+09:00"
"scripts\__pycache__\summarize_transfer_norm20_multiseed.cpython-311.pyc","23820","2026-08-13T10:20:17.8482814+09:00"
"scripts\__pycache__\train_channel_selection.cpython-311.pyc","41358","2026-08-13T10:20:23.3558406+09:00"
"scripts\__pycache__\train_transfer_adaptation_search.cpython-311.pyc","21867","2026-08-13T10:20:17.8394519+09:00"
"scripts\__pycache__\train_transfer_channel_selection.cpython-311.pyc","41013","2026-08-13T10:20:17.8308913+09:00"
"scripts\evaluate_mixed_fixed_point_baseline.py","16690","2026-08-11T17:27:07.7962958+09:00"
"scripts\generate_result_figures.py","9224","2026-08-11T17:58:22.8027451+09:00"
"scripts\internal\__pycache__\channel_selection_core.cpython-311.pyc","46037","2026-08-13T10:20:23.4010096+09:00"
"scripts\internal\__pycache__\reproduction_core.cpython-311.pyc","64539","2026-08-13T10:20:24.3398204+09:00"
"scripts\internal\__pycache__\transfer_selection_core.cpython-311.pyc","28270","2026-08-13T10:20:27.0163656+09:00"
"scripts\internal\channel_selection_core.py","32126","2026-08-11T16:03:30.0579935+09:00"
"scripts\internal\fixed_point_core.py","14808","2026-08-11T17:02:33.3696473+09:00"
"scripts\internal\reproduction_core.py","44830","2026-08-11T16:03:30.0554900+09:00"
"scripts\internal\transfer_selection_core.py","16762","2026-08-12T00:50:45.1536871+09:00"
"scripts\report_transfer_sutl.py","26499","2026-08-12T11:52:52.5939310+09:00"
"scripts\resume_transfer_adaptation_search.ps1","1617","2026-08-13T10:16:38.2653744+09:00"
"scripts\run_experiment.py","31731","2026-08-12T15:20:16.2922419+09:00"
"scripts\summarize_mixed_fixed_point.py","4844","2026-08-11T17:02:33.3753792+09:00"
"scripts\summarize_transfer_adaptation_search.py","9656","2026-08-13T09:39:31.6335546+09:00"
"scripts\summarize_transfer_norm20_multiseed.py","15641","2026-08-12T15:20:16.2912406+09:00"
"scripts\summarize_transfer_sutl.py","4724","2026-08-12T01:00:14.0294278+09:00"
"scripts\train_baseline.py","17548","2026-08-11T16:01:50.3056462+09:00"
"scripts\train_channel_selection.py","31103","2026-08-11T17:27:07.7942935+09:00"
"scripts\train_transfer_adaptation_search.py","16895","2026-08-13T09:37:35.2790095+09:00"
"scripts\train_transfer_channel_selection.py","38233","2026-08-12T15:20:16.2922419+09:00"
"scripts\verify_portable_bundle.ps1","2683","2026-08-13T10:19:39.2003827+09:00"
"src\cross_session_snn\__init__.py","54","2026-08-11T15:04:06.7842934+09:00"
"src\cross_session_snn\__pycache__\__init__.cpython-311.pyc","316","2026-08-13T10:20:24.3469394+09:00"
"src\cross_session_snn\__pycache__\martis_mua_pipeline.cpython-311.pyc","38750","2026-08-13T10:20:24.3884449+09:00"
"src\cross_session_snn\martis_mua_pipeline.py","23973","2026-08-11T15:25:49.0112921+09:00"
"uv.lock","71043","2026-08-11T15:48:07.6020113+09:00"
